--------------------------------------------------------
--  File created - Quarta-feira-Agosto-28-2013   
--------------------------------------------------------
DROP TABLE "GEST_CLIENTES"."CAMPANHAS" cascade constraints;
DROP TABLE "GEST_CLIENTES"."CLASSIFICACAO" cascade constraints;
DROP TABLE "GEST_CLIENTES"."CONTACTOS" cascade constraints;
DROP TABLE "GEST_CLIENTES"."CONTACTOS_HIST" cascade constraints;
DROP TABLE "GEST_CLIENTES"."CONTACTOS_POR_EMPRESA" cascade constraints;
DROP TABLE "GEST_CLIENTES"."DATA_UPLD" cascade constraints;
DROP TABLE "GEST_CLIENTES"."DEPT" cascade constraints;
DROP TABLE "GEST_CLIENTES"."EMP" cascade constraints;
DROP TABLE "GEST_CLIENTES"."EMPRESA" cascade constraints;
DROP TABLE "GEST_CLIENTES"."GP_FORMACAO_TEST_AREA" cascade constraints;
DROP TABLE "GEST_CLIENTES"."GP_FORMACAO_TEST_CONTACTO" cascade constraints;
DROP TABLE "GEST_CLIENTES"."GP_FORMACAO_TEST_COPYCURSOS" cascade constraints;
DROP TABLE "GEST_CLIENTES"."GP_FORMACAO_TEST_CURSOS" cascade constraints;
DROP TABLE "GEST_CLIENTES"."GP_FORMACAO_TEST_ESTADO_CURSO" cascade constraints;
DROP TABLE "GEST_CLIENTES"."GP_FORMACAO_TEST_LISTACURSOS" cascade constraints;
DROP TABLE "GEST_CLIENTES"."GP_FORMACAO_TEST_MODULOS" cascade constraints;
DROP TABLE "GEST_CLIENTES"."GP_FORMACAO_TEST_PAYLOAD" cascade constraints;
DROP TABLE "GEST_CLIENTES"."GP_FORMACAO_TEST_SESSOES" cascade constraints;
DROP TABLE "GEST_CLIENTES"."INSTALACOES" cascade constraints;
DROP TABLE "GEST_CLIENTES"."LOCALIDADE" cascade constraints;
DROP TABLE "GEST_CLIENTES"."LOG_ACTIVIDADE" cascade constraints;
DROP TABLE "GEST_CLIENTES"."MORADA" cascade constraints;
DROP TABLE "GEST_CLIENTES"."PAISES" cascade constraints;
DROP TABLE "GEST_CLIENTES"."PS_TXN" cascade constraints;
DROP TABLE "GEST_CLIENTES"."TABELA_ERROS" cascade constraints;
DROP TABLE "GEST_CLIENTES"."TARGETS" cascade constraints;
DROP TABLE "GEST_CLIENTES"."TIPO_AREA" cascade constraints;
DROP TABLE "GEST_CLIENTES"."TIPO_CLASSIFICACAO" cascade constraints;
DROP TABLE "GEST_CLIENTES"."TIPO_FONTES" cascade constraints;
DROP TABLE "GEST_CLIENTES"."TIPO_MORADA" cascade constraints;
DROP TABLE "GEST_CLIENTES"."TIPO_SERVICO" cascade constraints;
DROP TABLE "GEST_CLIENTES"."TIPO_TECNOLOGIA" cascade constraints;
DROP SEQUENCE "GEST_CLIENTES"."CAMPANHAS_SEQ";
DROP SEQUENCE "GEST_CLIENTES"."CLASSIFICACAO_SEQ";
DROP SEQUENCE "GEST_CLIENTES"."CONTACTO_SEQ";
DROP SEQUENCE "GEST_CLIENTES"."EMPRESA_SEQ";
DROP SEQUENCE "GEST_CLIENTES"."LOG_ACTIVIDADE_SEQ";
DROP SEQUENCE "GEST_CLIENTES"."MORADA_SEQ";
DROP SEQUENCE "GEST_CLIENTES"."PS_TXN_SEQ";
DROP SEQUENCE "GEST_CLIENTES"."TARGETS_SEQ";
DROP SEQUENCE "GEST_CLIENTES"."TIPO_AREA_SEQ";
DROP SEQUENCE "GEST_CLIENTES"."TIPO_CLASSIFICACAO_SEQ";
DROP SEQUENCE "GEST_CLIENTES"."TIPO_FONTES_SEQ";
DROP SEQUENCE "GEST_CLIENTES"."TIPO_MORADA_SEQ";
DROP SEQUENCE "GEST_CLIENTES"."TIPO_SERVICO_SEQ";
DROP SEQUENCE "GEST_CLIENTES"."TIPO_TECNOLOGIA_SEQ";
DROP PROCEDURE "GEST_CLIENTES"."DELETECOMPANY";
DROP PROCEDURE "GEST_CLIENTES"."DELETECONTACT";
DROP PROCEDURE "GEST_CLIENTES"."DELETEINSTALACAO";
DROP PROCEDURE "GEST_CLIENTES"."DELETELINK";
DROP PROCEDURE "GEST_CLIENTES"."DELETEMORADA";
--------------------------------------------------------
--  DDL for Sequence CAMPANHAS_SEQ
--------------------------------------------------------

   CREATE SEQUENCE  "GEST_CLIENTES"."CAMPANHAS_SEQ"  MINVALUE 1 MAXVALUE 9999999999999999999999999999 INCREMENT BY 1 START WITH 1 CACHE 20 NOORDER  NOCYCLE ;
--------------------------------------------------------
--  DDL for Sequence CLASSIFICACAO_SEQ
--------------------------------------------------------

   CREATE SEQUENCE  "GEST_CLIENTES"."CLASSIFICACAO_SEQ"  MINVALUE 1 MAXVALUE 9999999999999999999999999999 INCREMENT BY 1 START WITH 242 CACHE 20 NOORDER  NOCYCLE ;
--------------------------------------------------------
--  DDL for Sequence CONTACTO_SEQ
--------------------------------------------------------

   CREATE SEQUENCE  "GEST_CLIENTES"."CONTACTO_SEQ"  MINVALUE 1 MAXVALUE 9999999999999999999999999999 INCREMENT BY 1 START WITH 383 CACHE 20 NOORDER  NOCYCLE ;
--------------------------------------------------------
--  DDL for Sequence EMPRESA_SEQ
--------------------------------------------------------

   CREATE SEQUENCE  "GEST_CLIENTES"."EMPRESA_SEQ"  MINVALUE 1 MAXVALUE 9999999999999999999999999999 INCREMENT BY 1 START WITH 222 CACHE 20 NOORDER  NOCYCLE ;
--------------------------------------------------------
--  DDL for Sequence LOG_ACTIVIDADE_SEQ
--------------------------------------------------------

   CREATE SEQUENCE  "GEST_CLIENTES"."LOG_ACTIVIDADE_SEQ"  MINVALUE 1 MAXVALUE 9999999999999999999999999999 INCREMENT BY 1 START WITH 21 CACHE 20 NOORDER  NOCYCLE ;
--------------------------------------------------------
--  DDL for Sequence MORADA_SEQ
--------------------------------------------------------

   CREATE SEQUENCE  "GEST_CLIENTES"."MORADA_SEQ"  MINVALUE 1 MAXVALUE 9999999999999999999999999999 INCREMENT BY 1 START WITH 82 CACHE 20 NOORDER  NOCYCLE ;
--------------------------------------------------------
--  DDL for Sequence PS_TXN_SEQ
--------------------------------------------------------

   CREATE SEQUENCE  "GEST_CLIENTES"."PS_TXN_SEQ"  MINVALUE 1 MAXVALUE 9999999999999999999999999999 INCREMENT BY 50 START WITH 6251 CACHE 20 NOORDER  NOCYCLE ;
--------------------------------------------------------
--  DDL for Sequence TARGETS_SEQ
--------------------------------------------------------

   CREATE SEQUENCE  "GEST_CLIENTES"."TARGETS_SEQ"  MINVALUE 1 MAXVALUE 9999999999999999999999999999 INCREMENT BY 1 START WITH 1 CACHE 20 NOORDER  NOCYCLE ;
--------------------------------------------------------
--  DDL for Sequence TIPO_AREA_SEQ
--------------------------------------------------------

   CREATE SEQUENCE  "GEST_CLIENTES"."TIPO_AREA_SEQ"  MINVALUE 1 MAXVALUE 9999999999999999999999999999 INCREMENT BY 1 START WITH 21 CACHE 20 NOORDER  NOCYCLE ;
--------------------------------------------------------
--  DDL for Sequence TIPO_CLASSIFICACAO_SEQ
--------------------------------------------------------

   CREATE SEQUENCE  "GEST_CLIENTES"."TIPO_CLASSIFICACAO_SEQ"  MINVALUE 1 MAXVALUE 9999999999999999999999999999 INCREMENT BY 1 START WITH 21 CACHE 20 NOORDER  NOCYCLE ;
--------------------------------------------------------
--  DDL for Sequence TIPO_FONTES_SEQ
--------------------------------------------------------

   CREATE SEQUENCE  "GEST_CLIENTES"."TIPO_FONTES_SEQ"  MINVALUE 1 MAXVALUE 9999999999999999999999999999 INCREMENT BY 1 START WITH 21 CACHE 20 NOORDER  NOCYCLE ;
--------------------------------------------------------
--  DDL for Sequence TIPO_MORADA_SEQ
--------------------------------------------------------

   CREATE SEQUENCE  "GEST_CLIENTES"."TIPO_MORADA_SEQ"  MINVALUE 1 MAXVALUE 9999999999999999999999999999 INCREMENT BY 1 START WITH 21 CACHE 20 NOORDER  NOCYCLE ;
--------------------------------------------------------
--  DDL for Sequence TIPO_SERVICO_SEQ
--------------------------------------------------------

   CREATE SEQUENCE  "GEST_CLIENTES"."TIPO_SERVICO_SEQ"  MINVALUE 1 MAXVALUE 9999999999999999999999999999 INCREMENT BY 1 START WITH 21 CACHE 20 NOORDER  NOCYCLE ;
--------------------------------------------------------
--  DDL for Sequence TIPO_TECNOLOGIA_SEQ
--------------------------------------------------------

   CREATE SEQUENCE  "GEST_CLIENTES"."TIPO_TECNOLOGIA_SEQ"  MINVALUE 1 MAXVALUE 9999999999999999999999999999 INCREMENT BY 1 START WITH 21 CACHE 20 NOORDER  NOCYCLE ;
--------------------------------------------------------
--  DDL for Table CAMPANHAS
--------------------------------------------------------

  CREATE TABLE "GEST_CLIENTES"."CAMPANHAS" 
   (	"CAMPANHA_ID" NUMBER(6,0), 
	"DATA" DATE, 
	"DESCRICAO" VARCHAR2(200 BYTE), 
	"AREA_INTERESSE" VARCHAR2(200 BYTE)
   ) SEGMENT CREATION DEFERRED 
  PCTFREE 10 PCTUSED 40 INITRANS 1 MAXTRANS 255 NOCOMPRESS LOGGING
  TABLESPACE "USERS" ;
 

   COMMENT ON COLUMN "GEST_CLIENTES"."CAMPANHAS"."DATA" IS 'Data de realização da campanha';
 
   COMMENT ON COLUMN "GEST_CLIENTES"."CAMPANHAS"."DESCRICAO" IS 'Descrição do tema / objectivo da campanha';
 
   COMMENT ON COLUMN "GEST_CLIENTES"."CAMPANHAS"."AREA_INTERESSE" IS 'Áreas de Interesse da Campanha.
Texto livre que deve representar / explicar / resumir o filtro de selecção utilizado na origem da campanha';
--------------------------------------------------------
--  DDL for Table CLASSIFICACAO
--------------------------------------------------------

  CREATE TABLE "GEST_CLIENTES"."CLASSIFICACAO" 
   (	"CLASSIFICACAO_ID" NUMBER(6,0), 
	"STATUS" VARCHAR2(2 BYTE), 
	"USER_AUDIT" VARCHAR2(20 BYTE), 
	"DATA_AUDIT" DATE, 
	"CONTACTO_ID" NUMBER(6,0), 
	"TP_CLASS_ID" NUMBER(6,0), 
	"TP_SRV_ID" NUMBER(6,0), 
	"TP_AREA_ID" NUMBER(6,0), 
	"TP_TECNO_ID" NUMBER(6,0), 
	"TP_FONTE_ID" NUMBER(6,0)
   ) SEGMENT CREATION IMMEDIATE 
  PCTFREE 10 PCTUSED 40 INITRANS 1 MAXTRANS 255 NOCOMPRESS LOGGING
  STORAGE(INITIAL 65536 NEXT 1048576 MINEXTENTS 1 MAXEXTENTS 2147483645
  PCTINCREASE 0 FREELISTS 1 FREELIST GROUPS 1 BUFFER_POOL DEFAULT FLASH_CACHE DEFAULT CELL_FLASH_CACHE DEFAULT)
  TABLESPACE "USERS" ;
 

   COMMENT ON COLUMN "GEST_CLIENTES"."CLASSIFICACAO"."STATUS" IS 'Estado da Classificação (Activo / Inactivo)';
 
   COMMENT ON COLUMN "GEST_CLIENTES"."CLASSIFICACAO"."USER_AUDIT" IS 'Utilizador (sistema) que efectuou a alteração';
 
   COMMENT ON COLUMN "GEST_CLIENTES"."CLASSIFICACAO"."DATA_AUDIT" IS 'Data da alteração';
--------------------------------------------------------
--  DDL for Table CONTACTOS
--------------------------------------------------------

  CREATE TABLE "GEST_CLIENTES"."CONTACTOS" 
   (	"CONTACTO_ID" NUMBER(6,0), 
	"NOME" VARCHAR2(100 BYTE), 
	"APELIDO" VARCHAR2(100 BYTE), 
	"TITULO" VARCHAR2(10 BYTE), 
	"FUNCAO" VARCHAR2(100 BYTE), 
	"TELEFONE" VARCHAR2(20 BYTE), 
	"MAIL" VARCHAR2(150 BYTE), 
	"MOBILE" VARCHAR2(20 BYTE), 
	"SEXO" VARCHAR2(1 BYTE), 
	"OWNERSHIP" VARCHAR2(20 BYTE), 
	"LINKEDIN" VARCHAR2(200 BYTE), 
	"REDE_SOCIAL" VARCHAR2(200 BYTE), 
	"USER_AUDIT" VARCHAR2(20 BYTE), 
	"DATA_AUDIT" DATE
   ) SEGMENT CREATION IMMEDIATE 
  PCTFREE 10 PCTUSED 40 INITRANS 1 MAXTRANS 255 NOCOMPRESS LOGGING
  STORAGE(INITIAL 65536 NEXT 1048576 MINEXTENTS 1 MAXEXTENTS 2147483645
  PCTINCREASE 0 FREELISTS 1 FREELIST GROUPS 1 BUFFER_POOL DEFAULT FLASH_CACHE DEFAULT CELL_FLASH_CACHE DEFAULT)
  TABLESPACE "USERS" ;
 

   COMMENT ON COLUMN "GEST_CLIENTES"."CONTACTOS"."CONTACTO_ID" IS 'Código atribuido automaticamente ao Contacto.
Baseado numa sequencia';
 
   COMMENT ON COLUMN "GEST_CLIENTES"."CONTACTOS"."NOME" IS 'Nomes próprios do Contacto';
 
   COMMENT ON COLUMN "GEST_CLIENTES"."CONTACTOS"."APELIDO" IS 'Nome de família';
 
   COMMENT ON COLUMN "GEST_CLIENTES"."CONTACTOS"."TITULO" IS 'Saudação
Usar domínio (ex: Dr, Eng, Prof, Arq, Sr ...)';
 
   COMMENT ON COLUMN "GEST_CLIENTES"."CONTACTOS"."FUNCAO" IS 'Função profissional do Contacto';
 
   COMMENT ON COLUMN "GEST_CLIENTES"."CONTACTOS"."TELEFONE" IS 'Telefone fixo';
 
   COMMENT ON COLUMN "GEST_CLIENTES"."CONTACTOS"."MAIL" IS 'email ';
 
   COMMENT ON COLUMN "GEST_CLIENTES"."CONTACTOS"."MOBILE" IS 'telemovel';
 
   COMMENT ON COLUMN "GEST_CLIENTES"."CONTACTOS"."OWNERSHIP" IS '(Al Capone)
Texto livre, indicativo de quem conhece o contacto';
 
   COMMENT ON COLUMN "GEST_CLIENTES"."CONTACTOS"."LINKEDIN" IS 'Link do contacto no LinkedIn';
 
   COMMENT ON COLUMN "GEST_CLIENTES"."CONTACTOS"."REDE_SOCIAL" IS 'Link do contacto numa das redes sociais 
(ex: GooglePlus)';
--------------------------------------------------------
--  DDL for Table CONTACTOS_HIST
--------------------------------------------------------

  CREATE TABLE "GEST_CLIENTES"."CONTACTOS_HIST" 
   (	"CONTACTO_HIST_ID" NUMBER(6,0), 
	"CONTACTO_ID" NUMBER(6,0), 
	"NOME" VARCHAR2(100 BYTE), 
	"APELIDO" VARCHAR2(100 BYTE), 
	"TITULO" VARCHAR2(10 BYTE), 
	"FUNCAO" VARCHAR2(100 BYTE), 
	"TELEFONE" VARCHAR2(20 BYTE), 
	"MAIL" VARCHAR2(150 BYTE), 
	"MOBILE" VARCHAR2(20 BYTE), 
	"SEXO" VARCHAR2(1 BYTE), 
	"OWNERSHIP" VARCHAR2(20 BYTE), 
	"LINKEDIN" VARCHAR2(200 BYTE), 
	"REDE_SOCIAL" VARCHAR2(200 BYTE)
   ) SEGMENT CREATION DEFERRED 
  PCTFREE 10 PCTUSED 40 INITRANS 1 MAXTRANS 255 NOCOMPRESS LOGGING
  TABLESPACE "USERS" ;
 

   COMMENT ON COLUMN "GEST_CLIENTES"."CONTACTOS_HIST"."CONTACTO_HIST_ID" IS 'Código atribuido automaticamente ao Contacto.
Baseado numa sequencia';
 
   COMMENT ON COLUMN "GEST_CLIENTES"."CONTACTOS_HIST"."NOME" IS 'Nomes próprios do Contacto';
 
   COMMENT ON COLUMN "GEST_CLIENTES"."CONTACTOS_HIST"."APELIDO" IS 'Nome de família';
 
   COMMENT ON COLUMN "GEST_CLIENTES"."CONTACTOS_HIST"."TITULO" IS 'Saudação
Usar domínio (ex: Dr, Eng, Prof, Arq, Sr ...)';
 
   COMMENT ON COLUMN "GEST_CLIENTES"."CONTACTOS_HIST"."FUNCAO" IS 'Função profissional do Contacto';
 
   COMMENT ON COLUMN "GEST_CLIENTES"."CONTACTOS_HIST"."TELEFONE" IS 'Telefone fixo';
 
   COMMENT ON COLUMN "GEST_CLIENTES"."CONTACTOS_HIST"."MAIL" IS 'email ';
 
   COMMENT ON COLUMN "GEST_CLIENTES"."CONTACTOS_HIST"."MOBILE" IS 'telemovel';
 
   COMMENT ON COLUMN "GEST_CLIENTES"."CONTACTOS_HIST"."OWNERSHIP" IS '(Al Capone)
Texto livre, indicativo de quem conhece o contacto';
 
   COMMENT ON COLUMN "GEST_CLIENTES"."CONTACTOS_HIST"."LINKEDIN" IS 'Link do contacto no LinkedIn';
 
   COMMENT ON COLUMN "GEST_CLIENTES"."CONTACTOS_HIST"."REDE_SOCIAL" IS 'Link do contacto numa das redes sociais 
(ex: GooglePlus)';
--------------------------------------------------------
--  DDL for Table CONTACTOS_POR_EMPRESA
--------------------------------------------------------

  CREATE TABLE "GEST_CLIENTES"."CONTACTOS_POR_EMPRESA" 
   (	"CONTACTO_ID" NUMBER(6,0), 
	"DEPARTAMENTO" VARCHAR2(20 BYTE), 
	"EMPRESA_ID" NUMBER(6,0), 
	"DATA_INICIO" DATE, 
	"DATA_FIM" DATE, 
	"TELEFONE" VARCHAR2(20 BYTE), 
	"EXTENSAO" VARCHAR2(20 BYTE), 
	"FAX" VARCHAR2(20 BYTE), 
	"MAIL" VARCHAR2(20 BYTE)
   ) SEGMENT CREATION IMMEDIATE 
  PCTFREE 10 PCTUSED 40 INITRANS 1 MAXTRANS 255 NOCOMPRESS LOGGING
  STORAGE(INITIAL 65536 NEXT 1048576 MINEXTENTS 1 MAXEXTENTS 2147483645
  PCTINCREASE 0 FREELISTS 1 FREELIST GROUPS 1 BUFFER_POOL DEFAULT FLASH_CACHE DEFAULT CELL_FLASH_CACHE DEFAULT)
  TABLESPACE "USERS" ;
 

   COMMENT ON COLUMN "GEST_CLIENTES"."CONTACTOS_POR_EMPRESA"."DEPARTAMENTO" IS 'Departamento no contexto da Empresa';
 
   COMMENT ON COLUMN "GEST_CLIENTES"."CONTACTOS_POR_EMPRESA"."DATA_INICIO" IS 'Data do inicio de actividade na Empresa';
 
   COMMENT ON COLUMN "GEST_CLIENTES"."CONTACTOS_POR_EMPRESA"."DATA_FIM" IS 'Data de termo de actividade na Empresa';
 
   COMMENT ON COLUMN "GEST_CLIENTES"."CONTACTOS_POR_EMPRESA"."TELEFONE" IS 'Telefone fixo da empresa';
 
   COMMENT ON COLUMN "GEST_CLIENTES"."CONTACTOS_POR_EMPRESA"."EXTENSAO" IS 'Extensão do telefone na Empresa';
 
   COMMENT ON COLUMN "GEST_CLIENTES"."CONTACTOS_POR_EMPRESA"."MAIL" IS 'eMail da Empresa';
--------------------------------------------------------
--  DDL for Table DATA_UPLD
--------------------------------------------------------

  CREATE TABLE "GEST_CLIENTES"."DATA_UPLD" 
   (	"SR_NO" NUMBER, 
	"NOME" VARCHAR2(100 BYTE), 
	"MORADA" VARCHAR2(250 BYTE), 
	"EMPRESA" VARCHAR2(100 BYTE), 
	"TELEFONE" VARCHAR2(100 BYTE)
   ) SEGMENT CREATION IMMEDIATE 
  PCTFREE 10 PCTUSED 40 INITRANS 1 MAXTRANS 255 NOCOMPRESS LOGGING
  STORAGE(INITIAL 65536 NEXT 1048576 MINEXTENTS 1 MAXEXTENTS 2147483645
  PCTINCREASE 0 FREELISTS 1 FREELIST GROUPS 1 BUFFER_POOL DEFAULT FLASH_CACHE DEFAULT CELL_FLASH_CACHE DEFAULT)
  TABLESPACE "USERS" ;
--------------------------------------------------------
--  DDL for Table DEPT
--------------------------------------------------------

  CREATE TABLE "GEST_CLIENTES"."DEPT" 
   (	"DEPTNO" NUMBER(2,0), 
	"DNAME" VARCHAR2(14 BYTE), 
	"LOC" VARCHAR2(13 BYTE)
   ) SEGMENT CREATION IMMEDIATE 
  PCTFREE 10 PCTUSED 40 INITRANS 1 MAXTRANS 255 NOCOMPRESS LOGGING
  STORAGE(INITIAL 65536 NEXT 1048576 MINEXTENTS 1 MAXEXTENTS 2147483645
  PCTINCREASE 0 FREELISTS 1 FREELIST GROUPS 1 BUFFER_POOL DEFAULT FLASH_CACHE DEFAULT CELL_FLASH_CACHE DEFAULT)
  TABLESPACE "USERS" ;
--------------------------------------------------------
--  DDL for Table EMP
--------------------------------------------------------

  CREATE TABLE "GEST_CLIENTES"."EMP" 
   (	"EMPNO" NUMBER(4,0), 
	"ENAME" VARCHAR2(10 BYTE), 
	"JOB" VARCHAR2(9 BYTE), 
	"MGR" NUMBER(4,0), 
	"HIREDATE" DATE, 
	"SAL" NUMBER(7,2), 
	"COMM" NUMBER(7,2), 
	"DEPTNO" NUMBER(2,0)
   ) SEGMENT CREATION IMMEDIATE 
  PCTFREE 10 PCTUSED 40 INITRANS 1 MAXTRANS 255 NOCOMPRESS LOGGING
  STORAGE(INITIAL 65536 NEXT 1048576 MINEXTENTS 1 MAXEXTENTS 2147483645
  PCTINCREASE 0 FREELISTS 1 FREELIST GROUPS 1 BUFFER_POOL DEFAULT FLASH_CACHE DEFAULT CELL_FLASH_CACHE DEFAULT)
  TABLESPACE "USERS" ;
--------------------------------------------------------
--  DDL for Table EMPRESA
--------------------------------------------------------

  CREATE TABLE "GEST_CLIENTES"."EMPRESA" 
   (	"EMPRESA_ID" NUMBER(6,0), 
	"NOME" VARCHAR2(150 CHAR), 
	"WWW" VARCHAR2(150 CHAR), 
	"SECTOR_MERCADO" VARCHAR2(100 BYTE), 
	"STATUS" VARCHAR2(1 BYTE), 
	"USER_AUDIT" VARCHAR2(20 BYTE), 
	"DATA_AUDIT" DATE
   ) SEGMENT CREATION IMMEDIATE 
  PCTFREE 10 PCTUSED 40 INITRANS 1 MAXTRANS 255 NOCOMPRESS LOGGING
  STORAGE(INITIAL 65536 NEXT 1048576 MINEXTENTS 1 MAXEXTENTS 2147483645
  PCTINCREASE 0 FREELISTS 1 FREELIST GROUPS 1 BUFFER_POOL DEFAULT FLASH_CACHE DEFAULT CELL_FLASH_CACHE DEFAULT)
  TABLESPACE "USERS" ;
 

   COMMENT ON COLUMN "GEST_CLIENTES"."EMPRESA"."EMPRESA_ID" IS 'Código de Empresa atribuido automaticamente.
Baseado num sequencia';
 
   COMMENT ON COLUMN "GEST_CLIENTES"."EMPRESA"."NOME" IS 'Nome da Empresa';
 
   COMMENT ON COLUMN "GEST_CLIENTES"."EMPRESA"."WWW" IS 'Website da empresa';
 
   COMMENT ON COLUMN "GEST_CLIENTES"."EMPRESA"."SECTOR_MERCADO" IS 'Sector de Mercado da Empresa';
--------------------------------------------------------
--  DDL for Table GP_FORMACAO_TEST_AREA
--------------------------------------------------------

  CREATE TABLE "GEST_CLIENTES"."GP_FORMACAO_TEST_AREA" 
   (	"ID_AREA" NUMBER, 
	"AREA" VARCHAR2(20 BYTE), 
	"ID_RTP" NUMBER, 
	"RTP" NUMBER
   ) SEGMENT CREATION IMMEDIATE 
  PCTFREE 10 PCTUSED 40 INITRANS 1 MAXTRANS 255 NOCOMPRESS LOGGING
  STORAGE(INITIAL 65536 NEXT 1048576 MINEXTENTS 1 MAXEXTENTS 2147483645
  PCTINCREASE 0 FREELISTS 1 FREELIST GROUPS 1 BUFFER_POOL DEFAULT FLASH_CACHE DEFAULT CELL_FLASH_CACHE DEFAULT)
  TABLESPACE "USERS" ;
--------------------------------------------------------
--  DDL for Table GP_FORMACAO_TEST_CONTACTO
--------------------------------------------------------

  CREATE TABLE "GEST_CLIENTES"."GP_FORMACAO_TEST_CONTACTO" 
   (	"ID_CONTACTO" NUMBER, 
	"NOME" VARCHAR2(20 BYTE), 
	"APELIDO" VARCHAR2(20 BYTE), 
	"ENTIDADE" VARCHAR2(20 BYTE)
   ) SEGMENT CREATION DEFERRED 
  PCTFREE 10 PCTUSED 40 INITRANS 1 MAXTRANS 255 NOCOMPRESS LOGGING
  TABLESPACE "USERS" ;
--------------------------------------------------------
--  DDL for Table GP_FORMACAO_TEST_COPYCURSOS
--------------------------------------------------------

  CREATE TABLE "GEST_CLIENTES"."GP_FORMACAO_TEST_COPYCURSOS" 
   (	"ID_CURSO" NUMBER, 
	"CURSO" VARCHAR2(20 BYTE), 
	"VERSAO" VARCHAR2(20 BYTE), 
	"DESCRICAO" VARCHAR2(20 BYTE), 
	"DURACAO" NUMBER, 
	"INSTANCIAVEL" VARCHAR2(20 BYTE), 
	"ORIGINAL" VARCHAR2(20 BYTE), 
	"CATALOGO" VARCHAR2(20 BYTE), 
	"CDFORNECEDOR" VARCHAR2(20 BYTE), 
	"VERSAOFORNECEDOR" VARCHAR2(20 BYTE), 
	"ID_AREA" NUMBER, 
	"ID_ESTADOCURSO" NUMBER, 
	"ID_MODULO" NUMBER
   ) SEGMENT CREATION DEFERRED 
  PCTFREE 10 PCTUSED 40 INITRANS 1 MAXTRANS 255 NOCOMPRESS LOGGING
  TABLESPACE "USERS" ;
--------------------------------------------------------
--  DDL for Table GP_FORMACAO_TEST_CURSOS
--------------------------------------------------------

  CREATE TABLE "GEST_CLIENTES"."GP_FORMACAO_TEST_CURSOS" 
   (	"ID_CURSO" NUMBER, 
	"CURSO" VARCHAR2(20 BYTE), 
	"VERSAO" VARCHAR2(20 BYTE), 
	"DESCRICAO" VARCHAR2(20 BYTE), 
	"DURACAO" NUMBER, 
	"INSTANCIAVEL" VARCHAR2(20 BYTE), 
	"ORIGINAL" VARCHAR2(20 BYTE), 
	"CATALOGO" VARCHAR2(20 BYTE), 
	"CDFORNECEDOR" VARCHAR2(20 BYTE), 
	"VERSAOFORNECEDOR" VARCHAR2(20 BYTE), 
	"ID_AREA" NUMBER, 
	"ID_ESTADOCURSO" NUMBER, 
	"ID_MODULO" NUMBER
   ) SEGMENT CREATION IMMEDIATE 
  PCTFREE 10 PCTUSED 40 INITRANS 1 MAXTRANS 255 NOCOMPRESS LOGGING
  STORAGE(INITIAL 65536 NEXT 1048576 MINEXTENTS 1 MAXEXTENTS 2147483645
  PCTINCREASE 0 FREELISTS 1 FREELIST GROUPS 1 BUFFER_POOL DEFAULT FLASH_CACHE DEFAULT CELL_FLASH_CACHE DEFAULT)
  TABLESPACE "USERS" ;
--------------------------------------------------------
--  DDL for Table GP_FORMACAO_TEST_ESTADO_CURSO
--------------------------------------------------------

  CREATE TABLE "GEST_CLIENTES"."GP_FORMACAO_TEST_ESTADO_CURSO" 
   (	"ID_CURSO_STATUS" NUMBER, 
	"ESTADO_CURSO" VARCHAR2(20 BYTE), 
	"DATA_ESTADO" DATE, 
	"RESPONSAVEL" VARCHAR2(20 BYTE), 
	"NOTAS" VARCHAR2(20 BYTE)
   ) SEGMENT CREATION IMMEDIATE 
  PCTFREE 10 PCTUSED 40 INITRANS 1 MAXTRANS 255 NOCOMPRESS LOGGING
  STORAGE(INITIAL 65536 NEXT 1048576 MINEXTENTS 1 MAXEXTENTS 2147483645
  PCTINCREASE 0 FREELISTS 1 FREELIST GROUPS 1 BUFFER_POOL DEFAULT FLASH_CACHE DEFAULT CELL_FLASH_CACHE DEFAULT)
  TABLESPACE "USERS" ;
--------------------------------------------------------
--  DDL for Table GP_FORMACAO_TEST_LISTACURSOS
--------------------------------------------------------

  CREATE TABLE "GEST_CLIENTES"."GP_FORMACAO_TEST_LISTACURSOS" 
   (	"IDCURSO" NUMBER
   ) SEGMENT CREATION DEFERRED 
  PCTFREE 10 PCTUSED 40 INITRANS 1 MAXTRANS 255 NOCOMPRESS LOGGING
  TABLESPACE "USERS" ;
--------------------------------------------------------
--  DDL for Table GP_FORMACAO_TEST_MODULOS
--------------------------------------------------------

  CREATE TABLE "GEST_CLIENTES"."GP_FORMACAO_TEST_MODULOS" 
   (	"ID_MODULO" NUMBER, 
	"SEQ_MODULO" NUMBER, 
	"MODULO" VARCHAR2(20 BYTE), 
	"DESCRICAO" VARCHAR2(20 BYTE), 
	"ID_SESSAO" NUMBER
   ) SEGMENT CREATION IMMEDIATE 
  PCTFREE 10 PCTUSED 40 INITRANS 1 MAXTRANS 255 NOCOMPRESS LOGGING
  STORAGE(INITIAL 65536 NEXT 1048576 MINEXTENTS 1 MAXEXTENTS 2147483645
  PCTINCREASE 0 FREELISTS 1 FREELIST GROUPS 1 BUFFER_POOL DEFAULT FLASH_CACHE DEFAULT CELL_FLASH_CACHE DEFAULT)
  TABLESPACE "USERS" ;
--------------------------------------------------------
--  DDL for Table GP_FORMACAO_TEST_PAYLOAD
--------------------------------------------------------

  CREATE TABLE "GEST_CLIENTES"."GP_FORMACAO_TEST_PAYLOAD" 
   (	"SELECTED_ACTION" VARCHAR2(20 BYTE)
   ) SEGMENT CREATION DEFERRED 
  PCTFREE 10 PCTUSED 40 INITRANS 1 MAXTRANS 255 NOCOMPRESS LOGGING
  TABLESPACE "USERS" ;
--------------------------------------------------------
--  DDL for Table GP_FORMACAO_TEST_SESSOES
--------------------------------------------------------

  CREATE TABLE "GEST_CLIENTES"."GP_FORMACAO_TEST_SESSOES" 
   (	"ID_SESSAO" NUMBER, 
	"SEQ_SESSAO" NUMBER, 
	"SESSAO" VARCHAR2(20 BYTE), 
	"DESCRICAO" VARCHAR2(20 BYTE), 
	"TIPO_SESSAO" VARCHAR2(20 BYTE), 
	"DURACAO" VARCHAR2(20 BYTE)
   ) SEGMENT CREATION IMMEDIATE 
  PCTFREE 10 PCTUSED 40 INITRANS 1 MAXTRANS 255 NOCOMPRESS LOGGING
  STORAGE(INITIAL 65536 NEXT 1048576 MINEXTENTS 1 MAXEXTENTS 2147483645
  PCTINCREASE 0 FREELISTS 1 FREELIST GROUPS 1 BUFFER_POOL DEFAULT FLASH_CACHE DEFAULT CELL_FLASH_CACHE DEFAULT)
  TABLESPACE "USERS" ;
--------------------------------------------------------
--  DDL for Table INSTALACOES
--------------------------------------------------------

  CREATE TABLE "GEST_CLIENTES"."INSTALACOES" 
   (	"USER_AUDIT" VARCHAR2(20 BYTE), 
	"DATA_AUDIT" DATE, 
	"MORADA_ID" NUMBER(6,0), 
	"STATUS" VARCHAR2(20 BYTE), 
	"EMPRESA_ID" NUMBER(6,0)
   ) SEGMENT CREATION IMMEDIATE 
  PCTFREE 10 PCTUSED 40 INITRANS 1 MAXTRANS 255 NOCOMPRESS LOGGING
  STORAGE(INITIAL 65536 NEXT 1048576 MINEXTENTS 1 MAXEXTENTS 2147483645
  PCTINCREASE 0 FREELISTS 1 FREELIST GROUPS 1 BUFFER_POOL DEFAULT FLASH_CACHE DEFAULT CELL_FLASH_CACHE DEFAULT)
  TABLESPACE "USERS" ;
--------------------------------------------------------
--  DDL for Table LOCALIDADE
--------------------------------------------------------

  CREATE TABLE "GEST_CLIENTES"."LOCALIDADE" 
   (	"ID_LOCALIDADE" NUMBER(10,0), 
	"NOME_LOCALIDADE" VARCHAR2(1000 BYTE)
   ) SEGMENT CREATION DEFERRED 
  PCTFREE 10 PCTUSED 40 INITRANS 1 MAXTRANS 255 NOCOMPRESS LOGGING
  TABLESPACE "USERS" ;
--------------------------------------------------------
--  DDL for Table LOG_ACTIVIDADE
--------------------------------------------------------

  CREATE TABLE "GEST_CLIENTES"."LOG_ACTIVIDADE" 
   (	"ACTIVIDADE_ID" NUMBER(6,0), 
	"DATA" DATE, 
	"DESCRICAO" VARCHAR2(100 BYTE), 
	"RESPONSAVEL" VARCHAR2(20 BYTE), 
	"CONTACTO_ID" NUMBER(6,0), 
	"USER_AUDIT" VARCHAR2(20 BYTE), 
	"DATA_AUDIT" DATE
   ) SEGMENT CREATION IMMEDIATE 
  PCTFREE 10 PCTUSED 40 INITRANS 1 MAXTRANS 255 NOCOMPRESS LOGGING
  STORAGE(INITIAL 65536 NEXT 1048576 MINEXTENTS 1 MAXEXTENTS 2147483645
  PCTINCREASE 0 FREELISTS 1 FREELIST GROUPS 1 BUFFER_POOL DEFAULT FLASH_CACHE DEFAULT CELL_FLASH_CACHE DEFAULT)
  TABLESPACE "USERS" ;
 

   COMMENT ON COLUMN "GEST_CLIENTES"."LOG_ACTIVIDADE"."DATA" IS 'Data de realização da Actividade';
 
   COMMENT ON COLUMN "GEST_CLIENTES"."LOG_ACTIVIDADE"."DESCRICAO" IS 'Texto livre que caracteriza a actividade';
 
   COMMENT ON COLUMN "GEST_CLIENTES"."LOG_ACTIVIDADE"."RESPONSAVEL" IS 'Identificação do utilizador responsável pela actividade
(Assume system user por omissão)';
 
   COMMENT ON TABLE "GEST_CLIENTES"."LOG_ACTIVIDADE"  IS 'Registo de actividades realizadas, relacionadas com um (ou mais ?) contacto (ou empresa ?)';
--------------------------------------------------------
--  DDL for Table MORADA
--------------------------------------------------------

  CREATE TABLE "GEST_CLIENTES"."MORADA" 
   (	"MORADA_ID" NUMBER(6,0), 
	"MORADA" VARCHAR2(200 BYTE), 
	"LOCALIDADE" VARCHAR2(100 BYTE), 
	"CP" VARCHAR2(20 BYTE), 
	"PAIS" VARCHAR2(100 BYTE), 
	"TEL" VARCHAR2(20 BYTE), 
	"FAX" VARCHAR2(20 BYTE), 
	"TP_MORADA_ID" NUMBER(6,0)
   ) SEGMENT CREATION IMMEDIATE 
  PCTFREE 10 PCTUSED 40 INITRANS 1 MAXTRANS 255 NOCOMPRESS LOGGING
  STORAGE(INITIAL 65536 NEXT 1048576 MINEXTENTS 1 MAXEXTENTS 2147483645
  PCTINCREASE 0 FREELISTS 1 FREELIST GROUPS 1 BUFFER_POOL DEFAULT FLASH_CACHE DEFAULT CELL_FLASH_CACHE DEFAULT)
  TABLESPACE "USERS" ;
 

   COMMENT ON COLUMN "GEST_CLIENTES"."MORADA"."TEL" IS 'Telefone geral relativo à morada';
--------------------------------------------------------
--  DDL for Table PAISES
--------------------------------------------------------

  CREATE TABLE "GEST_CLIENTES"."PAISES" 
   (	"PAIS_ID" NUMBER(*,0), 
	"PAIS_CODIGO" VARCHAR2(10 BYTE), 
	"PAIS" VARCHAR2(4000 BYTE)
   ) SEGMENT CREATION IMMEDIATE 
  PCTFREE 10 PCTUSED 40 INITRANS 1 MAXTRANS 255 NOCOMPRESS LOGGING
  STORAGE(INITIAL 65536 NEXT 1048576 MINEXTENTS 1 MAXEXTENTS 2147483645
  PCTINCREASE 0 FREELISTS 1 FREELIST GROUPS 1 BUFFER_POOL DEFAULT FLASH_CACHE DEFAULT CELL_FLASH_CACHE DEFAULT)
  TABLESPACE "USERS" ;
--------------------------------------------------------
--  DDL for Table PS_TXN
--------------------------------------------------------

  CREATE TABLE "GEST_CLIENTES"."PS_TXN" 
   (	"ID" NUMBER(20,0), 
	"PARENTID" NUMBER(20,0), 
	"COLLID" NUMBER(10,0), 
	"CONTENT" BLOB, 
	"CREATION_DATE" DATE DEFAULT sysdate
   ) SEGMENT CREATION IMMEDIATE 
  PCTFREE 10 PCTUSED 40 INITRANS 1 MAXTRANS 255 NOCOMPRESS LOGGING
  STORAGE(INITIAL 65536 NEXT 1048576 MINEXTENTS 1 MAXEXTENTS 2147483645
  PCTINCREASE 0 FREELISTS 1 FREELIST GROUPS 1 BUFFER_POOL DEFAULT FLASH_CACHE DEFAULT CELL_FLASH_CACHE DEFAULT)
  TABLESPACE "USERS" 
 LOB ("CONTENT") STORE AS BASICFILE (
  TABLESPACE "USERS" ENABLE STORAGE IN ROW CHUNK 8192 RETENTION 
  CACHE 
  STORAGE(INITIAL 65536 NEXT 1048576 MINEXTENTS 1 MAXEXTENTS 2147483645
  PCTINCREASE 0 FREELISTS 1 FREELIST GROUPS 1 BUFFER_POOL DEFAULT FLASH_CACHE DEFAULT CELL_FLASH_CACHE DEFAULT)) ;
--------------------------------------------------------
--  DDL for Table TABELA_ERROS
--------------------------------------------------------

  CREATE TABLE "GEST_CLIENTES"."TABELA_ERROS" 
   (	"ID_ERRO" NUMBER(10,0), 
	"PACOTE" VARCHAR2(100 BYTE), 
	"OBJECTO" VARCHAR2(100 BYTE), 
	"MSG_ERRO" VARCHAR2(200 BYTE), 
	"USERNAME" VARCHAR2(100 BYTE) DEFAULT USER, 
	"DATA_ERRO" TIMESTAMP (6) DEFAULT SYSTIMESTAMP
   ) SEGMENT CREATION IMMEDIATE 
  PCTFREE 10 PCTUSED 40 INITRANS 1 MAXTRANS 255 NOCOMPRESS LOGGING
  STORAGE(INITIAL 65536 NEXT 1048576 MINEXTENTS 1 MAXEXTENTS 2147483645
  PCTINCREASE 0 FREELISTS 1 FREELIST GROUPS 1 BUFFER_POOL DEFAULT FLASH_CACHE DEFAULT CELL_FLASH_CACHE DEFAULT)
  TABLESPACE "USERS" ;
--------------------------------------------------------
--  DDL for Table TARGETS
--------------------------------------------------------

  CREATE TABLE "GEST_CLIENTES"."TARGETS" 
   (	"TARGET_ID" NUMBER(6,0), 
	"CAMPANHA_ID" NUMBER(6,0), 
	"TITULO" VARCHAR2(20 BYTE), 
	"NOME" VARCHAR2(100 BYTE), 
	"APELIDO" VARCHAR2(100 BYTE), 
	"EMPRESA" VARCHAR2(100 BYTE), 
	"EMAIL" VARCHAR2(150 BYTE), 
	"STATUS" VARCHAR2(1 BYTE), 
	"USER_AUDIT" VARCHAR2(20 BYTE), 
	"DATA_AUDIT" DATE
   ) SEGMENT CREATION DEFERRED 
  PCTFREE 10 PCTUSED 40 INITRANS 1 MAXTRANS 255 NOCOMPRESS LOGGING
  TABLESPACE "USERS" ;
--------------------------------------------------------
--  DDL for Table TIPO_AREA
--------------------------------------------------------

  CREATE TABLE "GEST_CLIENTES"."TIPO_AREA" 
   (	"TP_AREA_ID" NUMBER(6,0), 
	"DESCRICAO" VARCHAR2(100 BYTE), 
	"STATUS" VARCHAR2(1 BYTE), 
	"USER_AUDIT" VARCHAR2(1 BYTE), 
	"DATA_AUDIT" DATE
   ) SEGMENT CREATION IMMEDIATE 
  PCTFREE 10 PCTUSED 40 INITRANS 1 MAXTRANS 255 NOCOMPRESS LOGGING
  STORAGE(INITIAL 65536 NEXT 1048576 MINEXTENTS 1 MAXEXTENTS 2147483645
  PCTINCREASE 0 FREELISTS 1 FREELIST GROUPS 1 BUFFER_POOL DEFAULT FLASH_CACHE DEFAULT CELL_FLASH_CACHE DEFAULT)
  TABLESPACE "USERS" ;
 

   COMMENT ON COLUMN "GEST_CLIENTES"."TIPO_AREA"."DESCRICAO" IS 'Descrição do tipo de area (ex: GP,Oracle,Outsystems)';
--------------------------------------------------------
--  DDL for Table TIPO_CLASSIFICACAO
--------------------------------------------------------

  CREATE TABLE "GEST_CLIENTES"."TIPO_CLASSIFICACAO" 
   (	"TP_CLASS_ID" NUMBER(6,0), 
	"DESCRICAO" VARCHAR2(100 BYTE), 
	"STATUS" VARCHAR2(1 BYTE), 
	"USER_AUDIT" VARCHAR2(20 BYTE), 
	"DATA_AUDIT" DATE
   ) SEGMENT CREATION IMMEDIATE 
  PCTFREE 10 PCTUSED 40 INITRANS 1 MAXTRANS 255 NOCOMPRESS LOGGING
  STORAGE(INITIAL 65536 NEXT 1048576 MINEXTENTS 1 MAXEXTENTS 2147483645
  PCTINCREASE 0 FREELISTS 1 FREELIST GROUPS 1 BUFFER_POOL DEFAULT FLASH_CACHE DEFAULT CELL_FLASH_CACHE DEFAULT)
  TABLESPACE "USERS" ;
 

   COMMENT ON COLUMN "GEST_CLIENTES"."TIPO_CLASSIFICACAO"."DESCRICAO" IS 'Descrição do tipo de Classificação(Ex:Prospect,Fornecedor,Não Qualidicado)';
--------------------------------------------------------
--  DDL for Table TIPO_FONTES
--------------------------------------------------------

  CREATE TABLE "GEST_CLIENTES"."TIPO_FONTES" 
   (	"TP_FONTE_ID" NUMBER(6,0), 
	"DESCRICAO" VARCHAR2(100 BYTE), 
	"STATUS" VARCHAR2(1 BYTE), 
	"USER_AUDIT" VARCHAR2(20 BYTE), 
	"DATA_AUDIT" DATE
   ) SEGMENT CREATION IMMEDIATE 
  PCTFREE 10 PCTUSED 40 INITRANS 1 MAXTRANS 255 NOCOMPRESS LOGGING
  STORAGE(INITIAL 65536 NEXT 1048576 MINEXTENTS 1 MAXEXTENTS 2147483645
  PCTINCREASE 0 FREELISTS 1 FREELIST GROUPS 1 BUFFER_POOL DEFAULT FLASH_CACHE DEFAULT CELL_FLASH_CACHE DEFAULT)
  TABLESPACE "USERS" ;
 

   COMMENT ON COLUMN "GEST_CLIENTES"."TIPO_FONTES"."DESCRICAO" IS 'Inditenfica a proveniencia do contacto
(Oracle OPN, Oracle OU, Web, Sala, Redes Sociais, Individual)';
--------------------------------------------------------
--  DDL for Table TIPO_MORADA
--------------------------------------------------------

  CREATE TABLE "GEST_CLIENTES"."TIPO_MORADA" 
   (	"TP_MORADA_ID" NUMBER(6,0), 
	"DESCRICAO" VARCHAR2(100 BYTE)
   ) SEGMENT CREATION IMMEDIATE 
  PCTFREE 10 PCTUSED 40 INITRANS 1 MAXTRANS 255 NOCOMPRESS LOGGING
  STORAGE(INITIAL 65536 NEXT 1048576 MINEXTENTS 1 MAXEXTENTS 2147483645
  PCTINCREASE 0 FREELISTS 1 FREELIST GROUPS 1 BUFFER_POOL DEFAULT FLASH_CACHE DEFAULT CELL_FLASH_CACHE DEFAULT)
  TABLESPACE "USERS" ;
--------------------------------------------------------
--  DDL for Table TIPO_SERVICO
--------------------------------------------------------

  CREATE TABLE "GEST_CLIENTES"."TIPO_SERVICO" 
   (	"TP_SRV_ID" NUMBER(6,0), 
	"DESCRICAO" VARCHAR2(100 BYTE), 
	"STATUS" VARCHAR2(1 BYTE), 
	"USER_AUDIT" VARCHAR2(20 BYTE), 
	"DATA_AUDIT" DATE
   ) SEGMENT CREATION IMMEDIATE 
  PCTFREE 10 PCTUSED 40 INITRANS 1 MAXTRANS 255 NOCOMPRESS LOGGING
  STORAGE(INITIAL 65536 NEXT 1048576 MINEXTENTS 1 MAXEXTENTS 2147483645
  PCTINCREASE 0 FREELISTS 1 FREELIST GROUPS 1 BUFFER_POOL DEFAULT FLASH_CACHE DEFAULT CELL_FLASH_CACHE DEFAULT)
  TABLESPACE "USERS" ;
 

   COMMENT ON COLUMN "GEST_CLIENTES"."TIPO_SERVICO"."DESCRICAO" IS 'Descrição do tipo de Serviço (Ex:Consultadoria,Formação)';
--------------------------------------------------------
--  DDL for Table TIPO_TECNOLOGIA
--------------------------------------------------------

  CREATE TABLE "GEST_CLIENTES"."TIPO_TECNOLOGIA" 
   (	"TP_TECNO_ID" NUMBER(6,0), 
	"TP_AREA_ID" NUMBER(6,0), 
	"DESCRICAO" VARCHAR2(100 BYTE), 
	"STATUS" VARCHAR2(1 BYTE), 
	"USER_AUDIT" VARCHAR2(20 BYTE), 
	"DATA_AUDIT" DATE
   ) SEGMENT CREATION IMMEDIATE 
  PCTFREE 10 PCTUSED 40 INITRANS 1 MAXTRANS 255 NOCOMPRESS LOGGING
  STORAGE(INITIAL 65536 NEXT 1048576 MINEXTENTS 1 MAXEXTENTS 2147483645
  PCTINCREASE 0 FREELISTS 1 FREELIST GROUPS 1 BUFFER_POOL DEFAULT FLASH_CACHE DEFAULT CELL_FLASH_CACHE DEFAULT)
  TABLESPACE "USERS" ;
REM INSERTING into GEST_CLIENTES.CAMPANHAS
SET DEFINE OFF;
REM INSERTING into GEST_CLIENTES.CLASSIFICACAO
SET DEFINE OFF;
Insert into GEST_CLIENTES.CLASSIFICACAO (CLASSIFICACAO_ID,STATUS,USER_AUDIT,DATA_AUDIT,CONTACTO_ID,TP_CLASS_ID,TP_SRV_ID,TP_AREA_ID,TP_TECNO_ID,TP_FONTE_ID) values ('241','1','anonymous',to_date('13.08.27','RR.MM.DD'),'382','2','2','1','1','2');
Insert into GEST_CLIENTES.CLASSIFICACAO (CLASSIFICACAO_ID,STATUS,USER_AUDIT,DATA_AUDIT,CONTACTO_ID,TP_CLASS_ID,TP_SRV_ID,TP_AREA_ID,TP_TECNO_ID,TP_FONTE_ID) values ('144',null,'ADMIN',to_date('13.04.22','RR.MM.DD'),'141','2',null,'2','3','2');
Insert into GEST_CLIENTES.CLASSIFICACAO (CLASSIFICACAO_ID,STATUS,USER_AUDIT,DATA_AUDIT,CONTACTO_ID,TP_CLASS_ID,TP_SRV_ID,TP_AREA_ID,TP_TECNO_ID,TP_FONTE_ID) values ('162','1',null,null,'161','2',null,'1','3','2');
Insert into GEST_CLIENTES.CLASSIFICACAO (CLASSIFICACAO_ID,STATUS,USER_AUDIT,DATA_AUDIT,CONTACTO_ID,TP_CLASS_ID,TP_SRV_ID,TP_AREA_ID,TP_TECNO_ID,TP_FONTE_ID) values ('102','1',null,null,'122','2',null,'1','3','2');
Insert into GEST_CLIENTES.CLASSIFICACAO (CLASSIFICACAO_ID,STATUS,USER_AUDIT,DATA_AUDIT,CONTACTO_ID,TP_CLASS_ID,TP_SRV_ID,TP_AREA_ID,TP_TECNO_ID,TP_FONTE_ID) values ('121','1',null,null,'141','2',null,'2','3','1');
Insert into GEST_CLIENTES.CLASSIFICACAO (CLASSIFICACAO_ID,STATUS,USER_AUDIT,DATA_AUDIT,CONTACTO_ID,TP_CLASS_ID,TP_SRV_ID,TP_AREA_ID,TP_TECNO_ID,TP_FONTE_ID) values ('182',null,'ADMIN',to_date('13.05.03','RR.MM.DD'),'182','2',null,'1','3','2');
Insert into GEST_CLIENTES.CLASSIFICACAO (CLASSIFICACAO_ID,STATUS,USER_AUDIT,DATA_AUDIT,CONTACTO_ID,TP_CLASS_ID,TP_SRV_ID,TP_AREA_ID,TP_TECNO_ID,TP_FONTE_ID) values ('161',null,'ADMIN',to_date('13.04.22','RR.MM.DD'),'141','4',null,'1','3','2');
Insert into GEST_CLIENTES.CLASSIFICACAO (CLASSIFICACAO_ID,STATUS,USER_AUDIT,DATA_AUDIT,CONTACTO_ID,TP_CLASS_ID,TP_SRV_ID,TP_AREA_ID,TP_TECNO_ID,TP_FONTE_ID) values ('181','1',null,null,'182',null,null,null,null,null);
Insert into GEST_CLIENTES.CLASSIFICACAO (CLASSIFICACAO_ID,STATUS,USER_AUDIT,DATA_AUDIT,CONTACTO_ID,TP_CLASS_ID,TP_SRV_ID,TP_AREA_ID,TP_TECNO_ID,TP_FONTE_ID) values ('183',null,'ADMIN',to_date('13.05.03','RR.MM.DD'),'182','2',null,'1','2','2');
Insert into GEST_CLIENTES.CLASSIFICACAO (CLASSIFICACAO_ID,STATUS,USER_AUDIT,DATA_AUDIT,CONTACTO_ID,TP_CLASS_ID,TP_SRV_ID,TP_AREA_ID,TP_TECNO_ID,TP_FONTE_ID) values ('223','1','anonymous',to_date('13.06.06','RR.MM.DD'),'343','4','2','1','3','2');
REM INSERTING into GEST_CLIENTES.CONTACTOS
SET DEFINE OFF;
Insert into GEST_CLIENTES.CONTACTOS (CONTACTO_ID,NOME,APELIDO,TITULO,FUNCAO,TELEFONE,MAIL,MOBILE,SEXO,OWNERSHIP,LINKEDIN,REDE_SOCIAL,USER_AUDIT,DATA_AUDIT) values ('382','Maria Nova','Neves','Professora',null,null,null,null,'F',null,null,null,'anonymous',to_date('13.08.27','RR.MM.DD'));
Insert into GEST_CLIENTES.CONTACTOS (CONTACTO_ID,NOME,APELIDO,TITULO,FUNCAO,TELEFONE,MAIL,MOBILE,SEXO,OWNERSHIP,LINKEDIN,REDE_SOCIAL,USER_AUDIT,DATA_AUDIT) values ('161','Nuno','Barosa','Eng.','TI','111111','gera@tfv.pt','9996969','M','Vitor','http://www.linkedin.com/profile/view?id=54007685null=tab_pro','ddddddddddddddddddddddddd','ADMIN',to_date('13.04.22','RR.MM.DD'));
Insert into GEST_CLIENTES.CONTACTOS (CONTACTO_ID,NOME,APELIDO,TITULO,FUNCAO,TELEFONE,MAIL,MOBILE,SEXO,OWNERSHIP,LINKEDIN,REDE_SOCIAL,USER_AUDIT,DATA_AUDIT) values ('122','Fernado','Monteiro','Dr.','Administrador','2121212121','dsd@xpto.pt','96969696','M','Vitor','wewewewewewe','ererererer',null,null);
Insert into GEST_CLIENTES.CONTACTOS (CONTACTO_ID,NOME,APELIDO,TITULO,FUNCAO,TELEFONE,MAIL,MOBILE,SEXO,OWNERSHIP,LINKEDIN,REDE_SOCIAL,USER_AUDIT,DATA_AUDIT) values ('141','Nelson','Afonso','Eng.','Programador','2143136564','aa@dd.pt','1010101010','M','Paulo','http://www.linkedin.com/profile/view?id=54007685null=hb_tab_pro_top','ssssssssssssssssssssssssss','ADMIN',to_date('13.04.19','RR.MM.DD'));
Insert into GEST_CLIENTES.CONTACTOS (CONTACTO_ID,NOME,APELIDO,TITULO,FUNCAO,TELEFONE,MAIL,MOBILE,SEXO,OWNERSHIP,LINKEDIN,REDE_SOCIAL,USER_AUDIT,DATA_AUDIT) values ('182','Luis M.','Moreira','Dr. ','Programador SOA','0035193525252','lm@giganomics.pt',null,'M','Vitor',null,null,'ADMIN',to_date('13.05.03','RR.MM.DD'));
Insert into GEST_CLIENTES.CONTACTOS (CONTACTO_ID,NOME,APELIDO,TITULO,FUNCAO,TELEFONE,MAIL,MOBILE,SEXO,OWNERSHIP,LINKEDIN,REDE_SOCIAL,USER_AUDIT,DATA_AUDIT) values ('343','Guilherme Silva','Rosa Pedrosa','Senhor','Estagiario','964971757','guilhermepedrosa1@gmail.com','964971757','M','self','No LK','No SN','anonymous',to_date('13.06.06','RR.MM.DD'));
Insert into GEST_CLIENTES.CONTACTOS (CONTACTO_ID,NOME,APELIDO,TITULO,FUNCAO,TELEFONE,MAIL,MOBILE,SEXO,OWNERSHIP,LINKEDIN,REDE_SOCIAL,USER_AUDIT,DATA_AUDIT) values ('361','Catarina','Barroso','Engenheira',null,null,null,null,null,null,null,null,'EditUser',to_date('13.06.14','RR.MM.DD'));
REM INSERTING into GEST_CLIENTES.CONTACTOS_HIST
SET DEFINE OFF;
REM INSERTING into GEST_CLIENTES.CONTACTOS_POR_EMPRESA
SET DEFINE OFF;
Insert into GEST_CLIENTES.CONTACTOS_POR_EMPRESA (CONTACTO_ID,DEPARTAMENTO,EMPRESA_ID,DATA_INICIO,DATA_FIM,TELEFONE,EXTENSAO,FAX,MAIL) values ('382','Dept_01','81',to_date('13.08.13','RR.MM.DD'),to_date('13.08.31','RR.MM.DD'),'961234567','+321','961234567',null);
Insert into GEST_CLIENTES.CONTACTOS_POR_EMPRESA (CONTACTO_ID,DEPARTAMENTO,EMPRESA_ID,DATA_INICIO,DATA_FIM,TELEFONE,EXTENSAO,FAX,MAIL) values ('161','Informatica','1',to_date('13.04.01','RR.MM.DD'),null,'960000000','13','960000000','mail@mail.pt');
Insert into GEST_CLIENTES.CONTACTOS_POR_EMPRESA (CONTACTO_ID,DEPARTAMENTO,EMPRESA_ID,DATA_INICIO,DATA_FIM,TELEFONE,EXTENSAO,FAX,MAIL) values ('122','Informatica','2',to_date('14.04.01','RR.MM.DD'),to_date('13.04.03','RR.MM.DD'),'1111111','23',null,null);
Insert into GEST_CLIENTES.CONTACTOS_POR_EMPRESA (CONTACTO_ID,DEPARTAMENTO,EMPRESA_ID,DATA_INICIO,DATA_FIM,TELEFONE,EXTENSAO,FAX,MAIL) values ('141','Desenvolvimento','41',to_date('15.04.01','RR.MM.DD'),to_date('13.06.30','RR.MM.DD'),'214363636','12','214313636',null);
Insert into GEST_CLIENTES.CONTACTOS_POR_EMPRESA (CONTACTO_ID,DEPARTAMENTO,EMPRESA_ID,DATA_INICIO,DATA_FIM,TELEFONE,EXTENSAO,FAX,MAIL) values ('182',null,null,null,null,null,null,null,null);
Insert into GEST_CLIENTES.CONTACTOS_POR_EMPRESA (CONTACTO_ID,DEPARTAMENTO,EMPRESA_ID,DATA_INICIO,DATA_FIM,TELEFONE,EXTENSAO,FAX,MAIL) values ('343','Informatica','81',to_date('13.04.01','RR.MM.DD'),to_date('13.08.10','RR.MM.DD'),'210000000','35','fax@fax.pt','mail@mail.pt');
Insert into GEST_CLIENTES.CONTACTOS_POR_EMPRESA (CONTACTO_ID,DEPARTAMENTO,EMPRESA_ID,DATA_INICIO,DATA_FIM,TELEFONE,EXTENSAO,FAX,MAIL) values ('361','Informatica','201',to_date('13.05.01','RR.MM.DD'),to_date('13.05.23','RR.MM.DD'),'12345678',null,null,null);
REM INSERTING into GEST_CLIENTES.DATA_UPLD
SET DEFINE OFF;
Insert into GEST_CLIENTES.DATA_UPLD (SR_NO,NOME,MORADA,EMPRESA,TELEFONE) values ('1','id','nome','Morada','empresa');
Insert into GEST_CLIENTES.DATA_UPLD (SR_NO,NOME,MORADA,EMPRESA,TELEFONE) values ('2','1','Manuel Costa','Avenida da Liberdade, 54 A','Oramix');
Insert into GEST_CLIENTES.DATA_UPLD (SR_NO,NOME,MORADA,EMPRESA,TELEFONE) values ('3','2','Serafim Albano','Rua dos Combatentes, 2-R/c','NLS');
Insert into GEST_CLIENTES.DATA_UPLD (SR_NO,NOME,MORADA,EMPRESA,TELEFONE) values ('4','3','Miguel Sousa','Avenida dos Missionarios, 23','EDP');
Insert into GEST_CLIENTES.DATA_UPLD (SR_NO,NOME,MORADA,EMPRESA,TELEFONE) values ('5','4','Nelson Marques','Avenida Marchal da Costa, 67 1-Drt','Timestamp');
Insert into GEST_CLIENTES.DATA_UPLD (SR_NO,NOME,MORADA,EMPRESA,TELEFONE) values ('6','5','Luciana Abreu','Avenida Doa Aliados, n96 3dtr','BPI');
Insert into GEST_CLIENTES.DATA_UPLD (SR_NO,NOME,MORADA,EMPRESA,TELEFONE) values ('7','6','Domingues Neves','Avenida do Bravo, 78 A','NLS');
Insert into GEST_CLIENTES.DATA_UPLD (SR_NO,NOME,MORADA,EMPRESA,TELEFONE) values ('8','7','Marco Antonio','Avenida dos Combatentes, 32','EDP');
Insert into GEST_CLIENTES.DATA_UPLD (SR_NO,NOME,MORADA,EMPRESA,TELEFONE) values ('9','8','Pedro Teles','Rua da Gl ria, 6-A','PT Negocios');
Insert into GEST_CLIENTES.DATA_UPLD (SR_NO,NOME,MORADA,EMPRESA,TELEFONE) values ('10','9','Antonio Coelho','Avenida 25 de Abril, 76','BES');
REM INSERTING into GEST_CLIENTES.DEPT
SET DEFINE OFF;
Insert into GEST_CLIENTES.DEPT (DEPTNO,DNAME,LOC) values ('10','ACCOUNTING','NEW YORK');
Insert into GEST_CLIENTES.DEPT (DEPTNO,DNAME,LOC) values ('20','RESEARCH','DALLAS');
Insert into GEST_CLIENTES.DEPT (DEPTNO,DNAME,LOC) values ('30','SALES','CHICAGO');
Insert into GEST_CLIENTES.DEPT (DEPTNO,DNAME,LOC) values ('40','OPERATIONS','BOSTON');
REM INSERTING into GEST_CLIENTES.EMP
SET DEFINE OFF;
Insert into GEST_CLIENTES.EMP (EMPNO,ENAME,JOB,MGR,HIREDATE,SAL,COMM,DEPTNO) values ('7839','KING','PRESIDENT',null,to_date('81.11.17','RR.MM.DD'),'5000',null,'10');
Insert into GEST_CLIENTES.EMP (EMPNO,ENAME,JOB,MGR,HIREDATE,SAL,COMM,DEPTNO) values ('7698','BLAKE','MANAGER','7839',to_date('81.05.01','RR.MM.DD'),'2850',null,'30');
Insert into GEST_CLIENTES.EMP (EMPNO,ENAME,JOB,MGR,HIREDATE,SAL,COMM,DEPTNO) values ('7782','CLARK','MANAGER','7839',to_date('81.06.09','RR.MM.DD'),'2450',null,'10');
Insert into GEST_CLIENTES.EMP (EMPNO,ENAME,JOB,MGR,HIREDATE,SAL,COMM,DEPTNO) values ('7566','JONES','MANAGER','7839',to_date('81.04.02','RR.MM.DD'),'2975',null,'20');
Insert into GEST_CLIENTES.EMP (EMPNO,ENAME,JOB,MGR,HIREDATE,SAL,COMM,DEPTNO) values ('7788','SCOTT','ANALYST','7566',to_date('82.12.09','RR.MM.DD'),'3000',null,'20');
Insert into GEST_CLIENTES.EMP (EMPNO,ENAME,JOB,MGR,HIREDATE,SAL,COMM,DEPTNO) values ('7902','FORD','ANALYST','7566',to_date('81.12.03','RR.MM.DD'),'3000',null,'20');
Insert into GEST_CLIENTES.EMP (EMPNO,ENAME,JOB,MGR,HIREDATE,SAL,COMM,DEPTNO) values ('7369','SMITH','CLERK','7902',to_date('80.12.17','RR.MM.DD'),'800',null,'20');
Insert into GEST_CLIENTES.EMP (EMPNO,ENAME,JOB,MGR,HIREDATE,SAL,COMM,DEPTNO) values ('7499','ALLEN','SALESMAN','7698',to_date('81.02.20','RR.MM.DD'),'1600','300','30');
Insert into GEST_CLIENTES.EMP (EMPNO,ENAME,JOB,MGR,HIREDATE,SAL,COMM,DEPTNO) values ('7521','WARD','SALESMAN','7698',to_date('81.02.22','RR.MM.DD'),'1250','500','30');
Insert into GEST_CLIENTES.EMP (EMPNO,ENAME,JOB,MGR,HIREDATE,SAL,COMM,DEPTNO) values ('7654','MARTIN','SALESMAN','7698',to_date('81.09.28','RR.MM.DD'),'1250','1400','30');
Insert into GEST_CLIENTES.EMP (EMPNO,ENAME,JOB,MGR,HIREDATE,SAL,COMM,DEPTNO) values ('7844','TURNER','SALESMAN','7698',to_date('81.09.08','RR.MM.DD'),'1500','0','30');
Insert into GEST_CLIENTES.EMP (EMPNO,ENAME,JOB,MGR,HIREDATE,SAL,COMM,DEPTNO) values ('7876','ADAMS','CLERK','7788',to_date('83.01.12','RR.MM.DD'),'1100',null,'20');
Insert into GEST_CLIENTES.EMP (EMPNO,ENAME,JOB,MGR,HIREDATE,SAL,COMM,DEPTNO) values ('7900','JAMES','CLERK','7698',to_date('81.12.03','RR.MM.DD'),'950',null,'30');
Insert into GEST_CLIENTES.EMP (EMPNO,ENAME,JOB,MGR,HIREDATE,SAL,COMM,DEPTNO) values ('7934','MILLER','CLERK','7782',to_date('82.01.23','RR.MM.DD'),'1300',null,'10');
REM INSERTING into GEST_CLIENTES.EMPRESA
SET DEFINE OFF;
Insert into GEST_CLIENTES.EMPRESA (EMPRESA_ID,NOME,WWW,SECTOR_MERCADO,STATUS,USER_AUDIT,DATA_AUDIT) values ('221','Nova Empresa','www.NE.com','Finanças','0','anonymous',to_date('13.08.27','RR.MM.DD'));
Insert into GEST_CLIENTES.EMPRESA (EMPRESA_ID,NOME,WWW,SECTOR_MERCADO,STATUS,USER_AUDIT,DATA_AUDIT) values ('1','ORAMIX','WWW.ORAMIX.PT','CONSULTADORIA','1',null,null);
Insert into GEST_CLIENTES.EMPRESA (EMPRESA_ID,NOME,WWW,SECTOR_MERCADO,STATUS,USER_AUDIT,DATA_AUDIT) values ('2','TIMESTAMP','WWW.TIMESTAMP.COM','CONSULTADORIA','1',null,null);
Insert into GEST_CLIENTES.EMPRESA (EMPRESA_ID,NOME,WWW,SECTOR_MERCADO,STATUS,USER_AUDIT,DATA_AUDIT) values ('42','A','A','A',null,'ADMIN',null);
Insert into GEST_CLIENTES.EMPRESA (EMPRESA_ID,NOME,WWW,SECTOR_MERCADO,STATUS,USER_AUDIT,DATA_AUDIT) values ('43','BB','BB','BB','1','ADMIN',to_date('13.04.19','RR.MM.DD'));
Insert into GEST_CLIENTES.EMPRESA (EMPRESA_ID,NOME,WWW,SECTOR_MERCADO,STATUS,USER_AUDIT,DATA_AUDIT) values ('41','nls','www.nls.pt','Consultadoria','1',null,null);
Insert into GEST_CLIENTES.EMPRESA (EMPRESA_ID,NOME,WWW,SECTOR_MERCADO,STATUS,USER_AUDIT,DATA_AUDIT) values ('81','Giganomics','www,giganomics.pt','Consultadoria','1','ADMIN',to_date('13.05.03','RR.MM.DD'));
Insert into GEST_CLIENTES.EMPRESA (EMPRESA_ID,NOME,WWW,SECTOR_MERCADO,STATUS,USER_AUDIT,DATA_AUDIT) values ('201','PT','www.pt.pt','Telecomunicações','1','EditUser',to_date('13.06.14','RR.MM.DD'));
REM INSERTING into GEST_CLIENTES.GP_FORMACAO_TEST_AREA
SET DEFINE OFF;
Insert into GEST_CLIENTES.GP_FORMACAO_TEST_AREA (ID_AREA,AREA,ID_RTP,RTP) values ('0','Oracle',null,null);
Insert into GEST_CLIENTES.GP_FORMACAO_TEST_AREA (ID_AREA,AREA,ID_RTP,RTP) values ('1','Outsystems',null,null);
Insert into GEST_CLIENTES.GP_FORMACAO_TEST_AREA (ID_AREA,AREA,ID_RTP,RTP) values ('2','Gestão Projectos',null,null);
REM INSERTING into GEST_CLIENTES.GP_FORMACAO_TEST_CONTACTO
SET DEFINE OFF;
REM INSERTING into GEST_CLIENTES.GP_FORMACAO_TEST_COPYCURSOS
SET DEFINE OFF;
REM INSERTING into GEST_CLIENTES.GP_FORMACAO_TEST_CURSOS
SET DEFINE OFF;
Insert into GEST_CLIENTES.GP_FORMACAO_TEST_CURSOS (ID_CURSO,CURSO,VERSAO,DESCRICAO,DURACAO,INSTANCIAVEL,ORIGINAL,CATALOGO,CDFORNECEDOR,VERSAOFORNECEDOR,ID_AREA,ID_ESTADOCURSO,ID_MODULO) values ('11','Curso cv11','cv11','Criado na APP','11','false','true','false',null,null,null,null,null);
Insert into GEST_CLIENTES.GP_FORMACAO_TEST_CURSOS (ID_CURSO,CURSO,VERSAO,DESCRICAO,DURACAO,INSTANCIAVEL,ORIGINAL,CATALOGO,CDFORNECEDOR,VERSAOFORNECEDOR,ID_AREA,ID_ESTADOCURSO,ID_MODULO) values ('8','Curso8','cv08','Criado na APP','15','false','true','false','Forn1','cv-forn1',null,null,null);
Insert into GEST_CLIENTES.GP_FORMACAO_TEST_CURSOS (ID_CURSO,CURSO,VERSAO,DESCRICAO,DURACAO,INSTANCIAVEL,ORIGINAL,CATALOGO,CDFORNECEDOR,VERSAOFORNECEDOR,ID_AREA,ID_ESTADOCURSO,ID_MODULO) values ('12','Advanced Adf','1.0',null,'5','false','false','false','oracle','123456gc10',null,null,null);
Insert into GEST_CLIENTES.GP_FORMACAO_TEST_CURSOS (ID_CURSO,CURSO,VERSAO,DESCRICAO,DURACAO,INSTANCIAVEL,ORIGINAL,CATALOGO,CDFORNECEDOR,VERSAOFORNECEDOR,ID_AREA,ID_ESTADOCURSO,ID_MODULO) values ('9','Curso9','cv09','Criado na APP','9','false','true','false','Forn1','cv-forn1',null,null,null);
Insert into GEST_CLIENTES.GP_FORMACAO_TEST_CURSOS (ID_CURSO,CURSO,VERSAO,DESCRICAO,DURACAO,INSTANCIAVEL,ORIGINAL,CATALOGO,CDFORNECEDOR,VERSAOFORNECEDOR,ID_AREA,ID_ESTADOCURSO,ID_MODULO) values ('6','Curso6','cv06','Criado na APP','6','false','true','false','Forn1','cv-forn1',null,null,null);
Insert into GEST_CLIENTES.GP_FORMACAO_TEST_CURSOS (ID_CURSO,CURSO,VERSAO,DESCRICAO,DURACAO,INSTANCIAVEL,ORIGINAL,CATALOGO,CDFORNECEDOR,VERSAOFORNECEDOR,ID_AREA,ID_ESTADOCURSO,ID_MODULO) values ('10','Curso10','cv10','Criado na APP','10','false','true','false','Forn1','cv-forn1',null,null,null);
Insert into GEST_CLIENTES.GP_FORMACAO_TEST_CURSOS (ID_CURSO,CURSO,VERSAO,DESCRICAO,DURACAO,INSTANCIAVEL,ORIGINAL,CATALOGO,CDFORNECEDOR,VERSAOFORNECEDOR,ID_AREA,ID_ESTADOCURSO,ID_MODULO) values ('0','Curso1','cv01','Criado na DB','2','TRUE','TRUE','TRUE','F02','CVF0','0','0','0');
Insert into GEST_CLIENTES.GP_FORMACAO_TEST_CURSOS (ID_CURSO,CURSO,VERSAO,DESCRICAO,DURACAO,INSTANCIAVEL,ORIGINAL,CATALOGO,CDFORNECEDOR,VERSAOFORNECEDOR,ID_AREA,ID_ESTADOCURSO,ID_MODULO) values ('1','Curso2','cv02','Criado na DB','1','TRUE','TRUE','FALSE','Fornecedor02','CVF02','0','0','0');
Insert into GEST_CLIENTES.GP_FORMACAO_TEST_CURSOS (ID_CURSO,CURSO,VERSAO,DESCRICAO,DURACAO,INSTANCIAVEL,ORIGINAL,CATALOGO,CDFORNECEDOR,VERSAOFORNECEDOR,ID_AREA,ID_ESTADOCURSO,ID_MODULO) values ('2','Curso3','cv00','Criado na DB','4','FALSE','TRUE','FALSE','CF001','CVF0001','1','0','1');
Insert into GEST_CLIENTES.GP_FORMACAO_TEST_CURSOS (ID_CURSO,CURSO,VERSAO,DESCRICAO,DURACAO,INSTANCIAVEL,ORIGINAL,CATALOGO,CDFORNECEDOR,VERSAOFORNECEDOR,ID_AREA,ID_ESTADOCURSO,ID_MODULO) values ('7','Curso7','cv07','Criado na APP','7','false','true','false','Forn1','cv-forn1',null,null,null);
Insert into GEST_CLIENTES.GP_FORMACAO_TEST_CURSOS (ID_CURSO,CURSO,VERSAO,DESCRICAO,DURACAO,INSTANCIAVEL,ORIGINAL,CATALOGO,CDFORNECEDOR,VERSAOFORNECEDOR,ID_AREA,ID_ESTADOCURSO,ID_MODULO) values ('4','Curso4','cv04','Criado na APP','4','false','true','false','Forn1','cv-forn1',null,null,null);
Insert into GEST_CLIENTES.GP_FORMACAO_TEST_CURSOS (ID_CURSO,CURSO,VERSAO,DESCRICAO,DURACAO,INSTANCIAVEL,ORIGINAL,CATALOGO,CDFORNECEDOR,VERSAOFORNECEDOR,ID_AREA,ID_ESTADOCURSO,ID_MODULO) values ('5','Curso5','cv05','Criado na APP','5','false','true','false','Forn1','cv-forn1',null,null,null);
REM INSERTING into GEST_CLIENTES.GP_FORMACAO_TEST_ESTADO_CURSO
SET DEFINE OFF;
Insert into GEST_CLIENTES.GP_FORMACAO_TEST_ESTADO_CURSO (ID_CURSO_STATUS,ESTADO_CURSO,DATA_ESTADO,RESPONSAVEL,NOTAS) values ('0','Aprovado',to_date('13.07.18','RR.MM.DD'),'eu',null);
Insert into GEST_CLIENTES.GP_FORMACAO_TEST_ESTADO_CURSO (ID_CURSO_STATUS,ESTADO_CURSO,DATA_ESTADO,RESPONSAVEL,NOTAS) values ('1','Em Preparacao',to_date('13.07.18','RR.MM.DD'),'eu',null);
Insert into GEST_CLIENTES.GP_FORMACAO_TEST_ESTADO_CURSO (ID_CURSO_STATUS,ESTADO_CURSO,DATA_ESTADO,RESPONSAVEL,NOTAS) values ('2','Em Correccao',to_date('13.07.18','RR.MM.DD'),'eu',null);
Insert into GEST_CLIENTES.GP_FORMACAO_TEST_ESTADO_CURSO (ID_CURSO_STATUS,ESTADO_CURSO,DATA_ESTADO,RESPONSAVEL,NOTAS) values ('3','Descontinuado',to_date('13.07.18','RR.MM.DD'),'eu',null);
REM INSERTING into GEST_CLIENTES.GP_FORMACAO_TEST_LISTACURSOS
SET DEFINE OFF;
REM INSERTING into GEST_CLIENTES.GP_FORMACAO_TEST_MODULOS
SET DEFINE OFF;
Insert into GEST_CLIENTES.GP_FORMACAO_TEST_MODULOS (ID_MODULO,SEQ_MODULO,MODULO,DESCRICAO,ID_SESSAO) values ('0','0','Mod1','Criado na DB','0');
Insert into GEST_CLIENTES.GP_FORMACAO_TEST_MODULOS (ID_MODULO,SEQ_MODULO,MODULO,DESCRICAO,ID_SESSAO) values ('1','0','Mod2','Criado na DB','1');
REM INSERTING into GEST_CLIENTES.GP_FORMACAO_TEST_PAYLOAD
SET DEFINE OFF;
REM INSERTING into GEST_CLIENTES.GP_FORMACAO_TEST_SESSOES
SET DEFINE OFF;
Insert into GEST_CLIENTES.GP_FORMACAO_TEST_SESSOES (ID_SESSAO,SEQ_SESSAO,SESSAO,DESCRICAO,TIPO_SESSAO,DURACAO) values ('0','0','Sessao1','Criado na DB','Tipo1','2');
Insert into GEST_CLIENTES.GP_FORMACAO_TEST_SESSOES (ID_SESSAO,SEQ_SESSAO,SESSAO,DESCRICAO,TIPO_SESSAO,DURACAO) values ('1','0','Sessao2','Criado na DB','Tipo2','2');
REM INSERTING into GEST_CLIENTES.INSTALACOES
SET DEFINE OFF;
Insert into GEST_CLIENTES.INSTALACOES (USER_AUDIT,DATA_AUDIT,MORADA_ID,STATUS,EMPRESA_ID) values ('anonymous',to_date('13.08.27','RR.MM.DD'),'81','2','81');
Insert into GEST_CLIENTES.INSTALACOES (USER_AUDIT,DATA_AUDIT,MORADA_ID,STATUS,EMPRESA_ID) values ('admin',to_date('13.04.29','RR.MM.DD'),'1',null,'1');
Insert into GEST_CLIENTES.INSTALACOES (USER_AUDIT,DATA_AUDIT,MORADA_ID,STATUS,EMPRESA_ID) values ('anonymous',to_date('13.06.03','RR.MM.DD'),'2',null,'1');
REM INSERTING into GEST_CLIENTES.LOCALIDADE
SET DEFINE OFF;
REM INSERTING into GEST_CLIENTES.LOG_ACTIVIDADE
SET DEFINE OFF;
REM INSERTING into GEST_CLIENTES.MORADA
SET DEFINE OFF;
Insert into GEST_CLIENTES.MORADA (MORADA_ID,MORADA,LOCALIDADE,CP,PAIS,TEL,FAX,TP_MORADA_ID) values ('81','Rua B Bairro Terra dos Frades','Lisbon','2690-462','Portugal','219562524',null,'1');
Insert into GEST_CLIENTES.MORADA (MORADA_ID,MORADA,LOCALIDADE,CP,PAIS,TEL,FAX,TP_MORADA_ID) values ('1','Av. Do Brsil 56','Lisboa','2500','Portugal','214941985',null,null);
Insert into GEST_CLIENTES.MORADA (MORADA_ID,MORADA,LOCALIDADE,CP,PAIS,TEL,FAX,TP_MORADA_ID) values ('2','Rua da aplma','Carnaxide','2100','Portugal','21212121',null,null);
REM INSERTING into GEST_CLIENTES.PAISES
SET DEFINE OFF;
Insert into GEST_CLIENTES.PAISES (PAIS_ID,PAIS_CODIGO,PAIS) values ('1','US','United States');
Insert into GEST_CLIENTES.PAISES (PAIS_ID,PAIS_CODIGO,PAIS) values ('2','CA','Canada');
Insert into GEST_CLIENTES.PAISES (PAIS_ID,PAIS_CODIGO,PAIS) values ('3','AF','Afghanistan');
Insert into GEST_CLIENTES.PAISES (PAIS_ID,PAIS_CODIGO,PAIS) values ('4','AL','Albania');
Insert into GEST_CLIENTES.PAISES (PAIS_ID,PAIS_CODIGO,PAIS) values ('5','DZ','Algeria');
Insert into GEST_CLIENTES.PAISES (PAIS_ID,PAIS_CODIGO,PAIS) values ('6','DS','American Samoa');
Insert into GEST_CLIENTES.PAISES (PAIS_ID,PAIS_CODIGO,PAIS) values ('7','AD','Andorra');
Insert into GEST_CLIENTES.PAISES (PAIS_ID,PAIS_CODIGO,PAIS) values ('8','AO','Angola');
Insert into GEST_CLIENTES.PAISES (PAIS_ID,PAIS_CODIGO,PAIS) values ('9','AI','Anguilla');
Insert into GEST_CLIENTES.PAISES (PAIS_ID,PAIS_CODIGO,PAIS) values ('10','AQ','Antarctica');
Insert into GEST_CLIENTES.PAISES (PAIS_ID,PAIS_CODIGO,PAIS) values ('11','AG','Antigua and/or Barbuda');
Insert into GEST_CLIENTES.PAISES (PAIS_ID,PAIS_CODIGO,PAIS) values ('12','AR','Argentina');
Insert into GEST_CLIENTES.PAISES (PAIS_ID,PAIS_CODIGO,PAIS) values ('13','AM','Armenia');
Insert into GEST_CLIENTES.PAISES (PAIS_ID,PAIS_CODIGO,PAIS) values ('14','AW','Aruba');
Insert into GEST_CLIENTES.PAISES (PAIS_ID,PAIS_CODIGO,PAIS) values ('15','AU','Australia');
Insert into GEST_CLIENTES.PAISES (PAIS_ID,PAIS_CODIGO,PAIS) values ('16','AT','Austria');
Insert into GEST_CLIENTES.PAISES (PAIS_ID,PAIS_CODIGO,PAIS) values ('17','AZ','Azerbaijan');
Insert into GEST_CLIENTES.PAISES (PAIS_ID,PAIS_CODIGO,PAIS) values ('18','BS','Bahamas');
Insert into GEST_CLIENTES.PAISES (PAIS_ID,PAIS_CODIGO,PAIS) values ('19','BH','Bahrain');
Insert into GEST_CLIENTES.PAISES (PAIS_ID,PAIS_CODIGO,PAIS) values ('20','BD','Bangladesh');
Insert into GEST_CLIENTES.PAISES (PAIS_ID,PAIS_CODIGO,PAIS) values ('21','BB','Barbados');
Insert into GEST_CLIENTES.PAISES (PAIS_ID,PAIS_CODIGO,PAIS) values ('22','BY','Belarus');
Insert into GEST_CLIENTES.PAISES (PAIS_ID,PAIS_CODIGO,PAIS) values ('23','BE','Belgium');
Insert into GEST_CLIENTES.PAISES (PAIS_ID,PAIS_CODIGO,PAIS) values ('24','BZ','Belize');
Insert into GEST_CLIENTES.PAISES (PAIS_ID,PAIS_CODIGO,PAIS) values ('25','BJ','Benin');
Insert into GEST_CLIENTES.PAISES (PAIS_ID,PAIS_CODIGO,PAIS) values ('26','BM','Bermuda');
Insert into GEST_CLIENTES.PAISES (PAIS_ID,PAIS_CODIGO,PAIS) values ('27','BT','Bhutan');
Insert into GEST_CLIENTES.PAISES (PAIS_ID,PAIS_CODIGO,PAIS) values ('28','BO','Bolivia');
Insert into GEST_CLIENTES.PAISES (PAIS_ID,PAIS_CODIGO,PAIS) values ('29','BA','Bosnia and Herzegovina');
Insert into GEST_CLIENTES.PAISES (PAIS_ID,PAIS_CODIGO,PAIS) values ('30','BW','Botswana');
Insert into GEST_CLIENTES.PAISES (PAIS_ID,PAIS_CODIGO,PAIS) values ('31','BV','Bouvet Island');
Insert into GEST_CLIENTES.PAISES (PAIS_ID,PAIS_CODIGO,PAIS) values ('32','BR','Brazil');
Insert into GEST_CLIENTES.PAISES (PAIS_ID,PAIS_CODIGO,PAIS) values ('33','IO','British lndian Ocean Territory');
Insert into GEST_CLIENTES.PAISES (PAIS_ID,PAIS_CODIGO,PAIS) values ('34','BN','Brunei Darussalam');
Insert into GEST_CLIENTES.PAISES (PAIS_ID,PAIS_CODIGO,PAIS) values ('35','BG','Bulgaria');
Insert into GEST_CLIENTES.PAISES (PAIS_ID,PAIS_CODIGO,PAIS) values ('36','BF','Burkina Faso');
Insert into GEST_CLIENTES.PAISES (PAIS_ID,PAIS_CODIGO,PAIS) values ('37','BI','Burundi');
Insert into GEST_CLIENTES.PAISES (PAIS_ID,PAIS_CODIGO,PAIS) values ('38','KH','Cambodia');
Insert into GEST_CLIENTES.PAISES (PAIS_ID,PAIS_CODIGO,PAIS) values ('39','CM','Cameroon');
Insert into GEST_CLIENTES.PAISES (PAIS_ID,PAIS_CODIGO,PAIS) values ('40','CV','Cape Verde');
Insert into GEST_CLIENTES.PAISES (PAIS_ID,PAIS_CODIGO,PAIS) values ('41','KY','Cayman Islands');
Insert into GEST_CLIENTES.PAISES (PAIS_ID,PAIS_CODIGO,PAIS) values ('42','CF','Central African Republic');
Insert into GEST_CLIENTES.PAISES (PAIS_ID,PAIS_CODIGO,PAIS) values ('43','TD','Chad');
Insert into GEST_CLIENTES.PAISES (PAIS_ID,PAIS_CODIGO,PAIS) values ('44','CL','Chile');
Insert into GEST_CLIENTES.PAISES (PAIS_ID,PAIS_CODIGO,PAIS) values ('45','CN','China');
Insert into GEST_CLIENTES.PAISES (PAIS_ID,PAIS_CODIGO,PAIS) values ('46','CX','Christmas Island');
Insert into GEST_CLIENTES.PAISES (PAIS_ID,PAIS_CODIGO,PAIS) values ('47','CC','Cocos (Keeling) Islands');
Insert into GEST_CLIENTES.PAISES (PAIS_ID,PAIS_CODIGO,PAIS) values ('48','CO','Colombia');
Insert into GEST_CLIENTES.PAISES (PAIS_ID,PAIS_CODIGO,PAIS) values ('49','KM','Comoros');
Insert into GEST_CLIENTES.PAISES (PAIS_ID,PAIS_CODIGO,PAIS) values ('50','CG','Congo');
Insert into GEST_CLIENTES.PAISES (PAIS_ID,PAIS_CODIGO,PAIS) values ('51','CK','Cook Islands');
Insert into GEST_CLIENTES.PAISES (PAIS_ID,PAIS_CODIGO,PAIS) values ('52','CR','Costa Rica');
Insert into GEST_CLIENTES.PAISES (PAIS_ID,PAIS_CODIGO,PAIS) values ('53','HR','Croatia (Hrvatska)');
Insert into GEST_CLIENTES.PAISES (PAIS_ID,PAIS_CODIGO,PAIS) values ('54','CU','Cuba');
Insert into GEST_CLIENTES.PAISES (PAIS_ID,PAIS_CODIGO,PAIS) values ('55','CY','Cyprus');
Insert into GEST_CLIENTES.PAISES (PAIS_ID,PAIS_CODIGO,PAIS) values ('56','CZ','Czech Republic');
Insert into GEST_CLIENTES.PAISES (PAIS_ID,PAIS_CODIGO,PAIS) values ('57','DK','Denmark');
Insert into GEST_CLIENTES.PAISES (PAIS_ID,PAIS_CODIGO,PAIS) values ('58','DJ','Djibouti');
Insert into GEST_CLIENTES.PAISES (PAIS_ID,PAIS_CODIGO,PAIS) values ('59','DM','Dominica');
Insert into GEST_CLIENTES.PAISES (PAIS_ID,PAIS_CODIGO,PAIS) values ('60','DO','Dominican Republic');
Insert into GEST_CLIENTES.PAISES (PAIS_ID,PAIS_CODIGO,PAIS) values ('61','TP','East Timor');
Insert into GEST_CLIENTES.PAISES (PAIS_ID,PAIS_CODIGO,PAIS) values ('62','EC','Ecudaor');
Insert into GEST_CLIENTES.PAISES (PAIS_ID,PAIS_CODIGO,PAIS) values ('63','EG','Egypt');
Insert into GEST_CLIENTES.PAISES (PAIS_ID,PAIS_CODIGO,PAIS) values ('64','SV','El Salvador');
Insert into GEST_CLIENTES.PAISES (PAIS_ID,PAIS_CODIGO,PAIS) values ('65','GQ','Equatorial Guinea');
Insert into GEST_CLIENTES.PAISES (PAIS_ID,PAIS_CODIGO,PAIS) values ('66','ER','Eritrea');
Insert into GEST_CLIENTES.PAISES (PAIS_ID,PAIS_CODIGO,PAIS) values ('67','EE','Estonia');
Insert into GEST_CLIENTES.PAISES (PAIS_ID,PAIS_CODIGO,PAIS) values ('68','ET','Ethiopia');
Insert into GEST_CLIENTES.PAISES (PAIS_ID,PAIS_CODIGO,PAIS) values ('69','FK','Falkland Islands (Malvinas)');
Insert into GEST_CLIENTES.PAISES (PAIS_ID,PAIS_CODIGO,PAIS) values ('70','FO','Faroe Islands');
Insert into GEST_CLIENTES.PAISES (PAIS_ID,PAIS_CODIGO,PAIS) values ('71','FJ','Fiji');
Insert into GEST_CLIENTES.PAISES (PAIS_ID,PAIS_CODIGO,PAIS) values ('72','FI','Finland');
Insert into GEST_CLIENTES.PAISES (PAIS_ID,PAIS_CODIGO,PAIS) values ('73','FR','France');
Insert into GEST_CLIENTES.PAISES (PAIS_ID,PAIS_CODIGO,PAIS) values ('74','FX','France, Metropolitan');
Insert into GEST_CLIENTES.PAISES (PAIS_ID,PAIS_CODIGO,PAIS) values ('75','GF','French Guiana');
Insert into GEST_CLIENTES.PAISES (PAIS_ID,PAIS_CODIGO,PAIS) values ('76','PF','French Polynesia');
Insert into GEST_CLIENTES.PAISES (PAIS_ID,PAIS_CODIGO,PAIS) values ('77','TF','French Southern Territories');
Insert into GEST_CLIENTES.PAISES (PAIS_ID,PAIS_CODIGO,PAIS) values ('78','GA','Gabon');
Insert into GEST_CLIENTES.PAISES (PAIS_ID,PAIS_CODIGO,PAIS) values ('79','GM','Gambia');
Insert into GEST_CLIENTES.PAISES (PAIS_ID,PAIS_CODIGO,PAIS) values ('80','GE','Georgia');
Insert into GEST_CLIENTES.PAISES (PAIS_ID,PAIS_CODIGO,PAIS) values ('81','DE','Germany');
Insert into GEST_CLIENTES.PAISES (PAIS_ID,PAIS_CODIGO,PAIS) values ('82','GH','Ghana');
Insert into GEST_CLIENTES.PAISES (PAIS_ID,PAIS_CODIGO,PAIS) values ('83','GI','Gibraltar');
Insert into GEST_CLIENTES.PAISES (PAIS_ID,PAIS_CODIGO,PAIS) values ('84','GR','Greece');
Insert into GEST_CLIENTES.PAISES (PAIS_ID,PAIS_CODIGO,PAIS) values ('85','GL','Greenland');
Insert into GEST_CLIENTES.PAISES (PAIS_ID,PAIS_CODIGO,PAIS) values ('86','GD','Grenada');
Insert into GEST_CLIENTES.PAISES (PAIS_ID,PAIS_CODIGO,PAIS) values ('87','GP','Guadeloupe');
Insert into GEST_CLIENTES.PAISES (PAIS_ID,PAIS_CODIGO,PAIS) values ('88','GU','Guam');
Insert into GEST_CLIENTES.PAISES (PAIS_ID,PAIS_CODIGO,PAIS) values ('89','GT','Guatemala');
Insert into GEST_CLIENTES.PAISES (PAIS_ID,PAIS_CODIGO,PAIS) values ('90','GN','Guinea');
Insert into GEST_CLIENTES.PAISES (PAIS_ID,PAIS_CODIGO,PAIS) values ('91','GW','Guinea-Bissau');
Insert into GEST_CLIENTES.PAISES (PAIS_ID,PAIS_CODIGO,PAIS) values ('92','GY','Guyana');
Insert into GEST_CLIENTES.PAISES (PAIS_ID,PAIS_CODIGO,PAIS) values ('93','HT','Haiti');
Insert into GEST_CLIENTES.PAISES (PAIS_ID,PAIS_CODIGO,PAIS) values ('94','HM','Heard and Mc Donald Islands');
Insert into GEST_CLIENTES.PAISES (PAIS_ID,PAIS_CODIGO,PAIS) values ('95','HN','Honduras');
Insert into GEST_CLIENTES.PAISES (PAIS_ID,PAIS_CODIGO,PAIS) values ('96','HK','Hong Kong');
Insert into GEST_CLIENTES.PAISES (PAIS_ID,PAIS_CODIGO,PAIS) values ('97','HU','Hungary');
Insert into GEST_CLIENTES.PAISES (PAIS_ID,PAIS_CODIGO,PAIS) values ('98','IS','Iceland');
Insert into GEST_CLIENTES.PAISES (PAIS_ID,PAIS_CODIGO,PAIS) values ('99','IN','India');
Insert into GEST_CLIENTES.PAISES (PAIS_ID,PAIS_CODIGO,PAIS) values ('100','ID','Indonesia');
Insert into GEST_CLIENTES.PAISES (PAIS_ID,PAIS_CODIGO,PAIS) values ('101','IR','Iran (Islamic Republic of)');
Insert into GEST_CLIENTES.PAISES (PAIS_ID,PAIS_CODIGO,PAIS) values ('102','IQ','Iraq');
Insert into GEST_CLIENTES.PAISES (PAIS_ID,PAIS_CODIGO,PAIS) values ('103','IE','Ireland');
Insert into GEST_CLIENTES.PAISES (PAIS_ID,PAIS_CODIGO,PAIS) values ('104','IL','Israel');
Insert into GEST_CLIENTES.PAISES (PAIS_ID,PAIS_CODIGO,PAIS) values ('105','IT','Italy');
Insert into GEST_CLIENTES.PAISES (PAIS_ID,PAIS_CODIGO,PAIS) values ('106','CI','Ivory Coast');
Insert into GEST_CLIENTES.PAISES (PAIS_ID,PAIS_CODIGO,PAIS) values ('107','JM','Jamaica');
Insert into GEST_CLIENTES.PAISES (PAIS_ID,PAIS_CODIGO,PAIS) values ('108','JP','Japan');
Insert into GEST_CLIENTES.PAISES (PAIS_ID,PAIS_CODIGO,PAIS) values ('109','JO','Jordan');
Insert into GEST_CLIENTES.PAISES (PAIS_ID,PAIS_CODIGO,PAIS) values ('110','KZ','Kazakhstan');
Insert into GEST_CLIENTES.PAISES (PAIS_ID,PAIS_CODIGO,PAIS) values ('111','KE','Kenya');
Insert into GEST_CLIENTES.PAISES (PAIS_ID,PAIS_CODIGO,PAIS) values ('112','KI','Kiribati');
Insert into GEST_CLIENTES.PAISES (PAIS_ID,PAIS_CODIGO,PAIS) values ('113','KP','Korea, Democratic People''s Republic of');
Insert into GEST_CLIENTES.PAISES (PAIS_ID,PAIS_CODIGO,PAIS) values ('114','KR','Korea, Republic of');
Insert into GEST_CLIENTES.PAISES (PAIS_ID,PAIS_CODIGO,PAIS) values ('115','KW','Kuwait');
Insert into GEST_CLIENTES.PAISES (PAIS_ID,PAIS_CODIGO,PAIS) values ('116','KG','Kyrgyzstan');
Insert into GEST_CLIENTES.PAISES (PAIS_ID,PAIS_CODIGO,PAIS) values ('117','LA','Lao People''s Democratic Republic');
Insert into GEST_CLIENTES.PAISES (PAIS_ID,PAIS_CODIGO,PAIS) values ('118','LV','Latvia');
Insert into GEST_CLIENTES.PAISES (PAIS_ID,PAIS_CODIGO,PAIS) values ('119','LB','Lebanon');
Insert into GEST_CLIENTES.PAISES (PAIS_ID,PAIS_CODIGO,PAIS) values ('120','LS','Lesotho');
Insert into GEST_CLIENTES.PAISES (PAIS_ID,PAIS_CODIGO,PAIS) values ('121','LR','Liberia');
Insert into GEST_CLIENTES.PAISES (PAIS_ID,PAIS_CODIGO,PAIS) values ('122','LY','Libyan Arab Jamahiriya');
Insert into GEST_CLIENTES.PAISES (PAIS_ID,PAIS_CODIGO,PAIS) values ('123','LI','Liechtenstein');
Insert into GEST_CLIENTES.PAISES (PAIS_ID,PAIS_CODIGO,PAIS) values ('124','LT','Lithuania');
Insert into GEST_CLIENTES.PAISES (PAIS_ID,PAIS_CODIGO,PAIS) values ('125','LU','Luxembourg');
Insert into GEST_CLIENTES.PAISES (PAIS_ID,PAIS_CODIGO,PAIS) values ('126','MO','Macau');
Insert into GEST_CLIENTES.PAISES (PAIS_ID,PAIS_CODIGO,PAIS) values ('127','MK','Macedonia');
Insert into GEST_CLIENTES.PAISES (PAIS_ID,PAIS_CODIGO,PAIS) values ('128','MG','Madagascar');
Insert into GEST_CLIENTES.PAISES (PAIS_ID,PAIS_CODIGO,PAIS) values ('129','MW','Malawi');
Insert into GEST_CLIENTES.PAISES (PAIS_ID,PAIS_CODIGO,PAIS) values ('130','MY','Malaysia');
Insert into GEST_CLIENTES.PAISES (PAIS_ID,PAIS_CODIGO,PAIS) values ('131','MV','Maldives');
Insert into GEST_CLIENTES.PAISES (PAIS_ID,PAIS_CODIGO,PAIS) values ('132','ML','Mali');
Insert into GEST_CLIENTES.PAISES (PAIS_ID,PAIS_CODIGO,PAIS) values ('133','MT','Malta');
Insert into GEST_CLIENTES.PAISES (PAIS_ID,PAIS_CODIGO,PAIS) values ('134','MH','Marshall Islands');
Insert into GEST_CLIENTES.PAISES (PAIS_ID,PAIS_CODIGO,PAIS) values ('135','MQ','Martinique');
Insert into GEST_CLIENTES.PAISES (PAIS_ID,PAIS_CODIGO,PAIS) values ('136','MR','Mauritania');
Insert into GEST_CLIENTES.PAISES (PAIS_ID,PAIS_CODIGO,PAIS) values ('137','MU','Mauritius');
Insert into GEST_CLIENTES.PAISES (PAIS_ID,PAIS_CODIGO,PAIS) values ('138','TY','Mayotte');
Insert into GEST_CLIENTES.PAISES (PAIS_ID,PAIS_CODIGO,PAIS) values ('139','MX','Mexico');
Insert into GEST_CLIENTES.PAISES (PAIS_ID,PAIS_CODIGO,PAIS) values ('140','FM','Micronesia, Federated States of');
Insert into GEST_CLIENTES.PAISES (PAIS_ID,PAIS_CODIGO,PAIS) values ('141','MD','Moldova, Republic of');
Insert into GEST_CLIENTES.PAISES (PAIS_ID,PAIS_CODIGO,PAIS) values ('142','MC','Monaco');
Insert into GEST_CLIENTES.PAISES (PAIS_ID,PAIS_CODIGO,PAIS) values ('143','MN','Mongolia');
Insert into GEST_CLIENTES.PAISES (PAIS_ID,PAIS_CODIGO,PAIS) values ('144','MS','Montserrat');
Insert into GEST_CLIENTES.PAISES (PAIS_ID,PAIS_CODIGO,PAIS) values ('145','MA','Morocco');
Insert into GEST_CLIENTES.PAISES (PAIS_ID,PAIS_CODIGO,PAIS) values ('146','MZ','Mozambique');
Insert into GEST_CLIENTES.PAISES (PAIS_ID,PAIS_CODIGO,PAIS) values ('147','MM','Myanmar');
Insert into GEST_CLIENTES.PAISES (PAIS_ID,PAIS_CODIGO,PAIS) values ('148','NA','Namibia');
Insert into GEST_CLIENTES.PAISES (PAIS_ID,PAIS_CODIGO,PAIS) values ('149','NR','Nauru');
Insert into GEST_CLIENTES.PAISES (PAIS_ID,PAIS_CODIGO,PAIS) values ('150','NP','Nepal');
Insert into GEST_CLIENTES.PAISES (PAIS_ID,PAIS_CODIGO,PAIS) values ('151','NL','Netherlands');
Insert into GEST_CLIENTES.PAISES (PAIS_ID,PAIS_CODIGO,PAIS) values ('152','AN','Netherlands Antilles');
Insert into GEST_CLIENTES.PAISES (PAIS_ID,PAIS_CODIGO,PAIS) values ('153','NC','New Caledonia');
Insert into GEST_CLIENTES.PAISES (PAIS_ID,PAIS_CODIGO,PAIS) values ('154','NZ','New Zealand');
Insert into GEST_CLIENTES.PAISES (PAIS_ID,PAIS_CODIGO,PAIS) values ('155','NI','Nicaragua');
Insert into GEST_CLIENTES.PAISES (PAIS_ID,PAIS_CODIGO,PAIS) values ('156','NE','Niger');
Insert into GEST_CLIENTES.PAISES (PAIS_ID,PAIS_CODIGO,PAIS) values ('157','NG','Nigeria');
Insert into GEST_CLIENTES.PAISES (PAIS_ID,PAIS_CODIGO,PAIS) values ('158','NU','Niue');
Insert into GEST_CLIENTES.PAISES (PAIS_ID,PAIS_CODIGO,PAIS) values ('159','NF','Norfork Island');
Insert into GEST_CLIENTES.PAISES (PAIS_ID,PAIS_CODIGO,PAIS) values ('160','MP','Northern Mariana Islands');
Insert into GEST_CLIENTES.PAISES (PAIS_ID,PAIS_CODIGO,PAIS) values ('161','NO','Norway');
Insert into GEST_CLIENTES.PAISES (PAIS_ID,PAIS_CODIGO,PAIS) values ('162','OM','Oman');
Insert into GEST_CLIENTES.PAISES (PAIS_ID,PAIS_CODIGO,PAIS) values ('163','PK','Pakistan');
Insert into GEST_CLIENTES.PAISES (PAIS_ID,PAIS_CODIGO,PAIS) values ('164','PW','Palau');
Insert into GEST_CLIENTES.PAISES (PAIS_ID,PAIS_CODIGO,PAIS) values ('165','PA','Panama');
Insert into GEST_CLIENTES.PAISES (PAIS_ID,PAIS_CODIGO,PAIS) values ('166','PG','Papua New Guinea');
Insert into GEST_CLIENTES.PAISES (PAIS_ID,PAIS_CODIGO,PAIS) values ('167','PY','Paraguay');
Insert into GEST_CLIENTES.PAISES (PAIS_ID,PAIS_CODIGO,PAIS) values ('168','PE','Peru');
Insert into GEST_CLIENTES.PAISES (PAIS_ID,PAIS_CODIGO,PAIS) values ('169','PH','Philippines');
Insert into GEST_CLIENTES.PAISES (PAIS_ID,PAIS_CODIGO,PAIS) values ('170','PN','Pitcairn');
Insert into GEST_CLIENTES.PAISES (PAIS_ID,PAIS_CODIGO,PAIS) values ('171','PL','Poland');
Insert into GEST_CLIENTES.PAISES (PAIS_ID,PAIS_CODIGO,PAIS) values ('172','PT','Portugal');
Insert into GEST_CLIENTES.PAISES (PAIS_ID,PAIS_CODIGO,PAIS) values ('173','PR','Puerto Rico');
Insert into GEST_CLIENTES.PAISES (PAIS_ID,PAIS_CODIGO,PAIS) values ('174','QA','Qatar');
Insert into GEST_CLIENTES.PAISES (PAIS_ID,PAIS_CODIGO,PAIS) values ('175','RE','Reunion');
Insert into GEST_CLIENTES.PAISES (PAIS_ID,PAIS_CODIGO,PAIS) values ('176','RO','Romania');
Insert into GEST_CLIENTES.PAISES (PAIS_ID,PAIS_CODIGO,PAIS) values ('177','RU','Russian Federation');
Insert into GEST_CLIENTES.PAISES (PAIS_ID,PAIS_CODIGO,PAIS) values ('178','RW','Rwanda');
Insert into GEST_CLIENTES.PAISES (PAIS_ID,PAIS_CODIGO,PAIS) values ('179','KN','Saint Kitts and Nevis');
Insert into GEST_CLIENTES.PAISES (PAIS_ID,PAIS_CODIGO,PAIS) values ('180','LC','Saint Lucia');
Insert into GEST_CLIENTES.PAISES (PAIS_ID,PAIS_CODIGO,PAIS) values ('181','VC','Saint Vincent and the Grenadines');
Insert into GEST_CLIENTES.PAISES (PAIS_ID,PAIS_CODIGO,PAIS) values ('182','WS','Samoa');
Insert into GEST_CLIENTES.PAISES (PAIS_ID,PAIS_CODIGO,PAIS) values ('183','SM','San Marino');
Insert into GEST_CLIENTES.PAISES (PAIS_ID,PAIS_CODIGO,PAIS) values ('184','ST','Sao Tome and Principe');
Insert into GEST_CLIENTES.PAISES (PAIS_ID,PAIS_CODIGO,PAIS) values ('185','SA','Saudi Arabia');
Insert into GEST_CLIENTES.PAISES (PAIS_ID,PAIS_CODIGO,PAIS) values ('186','SN','Senegal');
Insert into GEST_CLIENTES.PAISES (PAIS_ID,PAIS_CODIGO,PAIS) values ('187','SC','Seychelles');
Insert into GEST_CLIENTES.PAISES (PAIS_ID,PAIS_CODIGO,PAIS) values ('188','SL','Sierra Leone');
Insert into GEST_CLIENTES.PAISES (PAIS_ID,PAIS_CODIGO,PAIS) values ('189','SG','Singapore');
Insert into GEST_CLIENTES.PAISES (PAIS_ID,PAIS_CODIGO,PAIS) values ('190','SK','Slovakia');
Insert into GEST_CLIENTES.PAISES (PAIS_ID,PAIS_CODIGO,PAIS) values ('191','SI','Slovenia');
Insert into GEST_CLIENTES.PAISES (PAIS_ID,PAIS_CODIGO,PAIS) values ('192','SB','Solomon Islands');
Insert into GEST_CLIENTES.PAISES (PAIS_ID,PAIS_CODIGO,PAIS) values ('193','SO','Somalia');
Insert into GEST_CLIENTES.PAISES (PAIS_ID,PAIS_CODIGO,PAIS) values ('194','ZA','South Africa');
Insert into GEST_CLIENTES.PAISES (PAIS_ID,PAIS_CODIGO,PAIS) values ('195','GS','South Georgia South Sandwich Islands');
Insert into GEST_CLIENTES.PAISES (PAIS_ID,PAIS_CODIGO,PAIS) values ('196','ES','Spain');
Insert into GEST_CLIENTES.PAISES (PAIS_ID,PAIS_CODIGO,PAIS) values ('197','LK','Sri Lanka');
Insert into GEST_CLIENTES.PAISES (PAIS_ID,PAIS_CODIGO,PAIS) values ('198','SH','St. Helena');
Insert into GEST_CLIENTES.PAISES (PAIS_ID,PAIS_CODIGO,PAIS) values ('199','PM','St. Pierre and Miquelon');
Insert into GEST_CLIENTES.PAISES (PAIS_ID,PAIS_CODIGO,PAIS) values ('200','SD','Sudan');
Insert into GEST_CLIENTES.PAISES (PAIS_ID,PAIS_CODIGO,PAIS) values ('201','SR','Suriname');
Insert into GEST_CLIENTES.PAISES (PAIS_ID,PAIS_CODIGO,PAIS) values ('202','SJ','Svalbarn and Jan Mayen Islands');
Insert into GEST_CLIENTES.PAISES (PAIS_ID,PAIS_CODIGO,PAIS) values ('203','SZ','Swaziland');
Insert into GEST_CLIENTES.PAISES (PAIS_ID,PAIS_CODIGO,PAIS) values ('204','SE','Sweden');
Insert into GEST_CLIENTES.PAISES (PAIS_ID,PAIS_CODIGO,PAIS) values ('205','CH','Switzerland');
Insert into GEST_CLIENTES.PAISES (PAIS_ID,PAIS_CODIGO,PAIS) values ('206','SY','Syrian Arab Republic');
Insert into GEST_CLIENTES.PAISES (PAIS_ID,PAIS_CODIGO,PAIS) values ('207','TW','Taiwan');
Insert into GEST_CLIENTES.PAISES (PAIS_ID,PAIS_CODIGO,PAIS) values ('208','TJ','Tajikistan');
Insert into GEST_CLIENTES.PAISES (PAIS_ID,PAIS_CODIGO,PAIS) values ('209','TZ','Tanzania, United Republic of');
Insert into GEST_CLIENTES.PAISES (PAIS_ID,PAIS_CODIGO,PAIS) values ('210','TH','Thailand');
Insert into GEST_CLIENTES.PAISES (PAIS_ID,PAIS_CODIGO,PAIS) values ('211','TG','Togo');
Insert into GEST_CLIENTES.PAISES (PAIS_ID,PAIS_CODIGO,PAIS) values ('212','TK','Tokelau');
Insert into GEST_CLIENTES.PAISES (PAIS_ID,PAIS_CODIGO,PAIS) values ('213','TO','Tonga');
Insert into GEST_CLIENTES.PAISES (PAIS_ID,PAIS_CODIGO,PAIS) values ('214','TT','Trinidad and Tobago');
Insert into GEST_CLIENTES.PAISES (PAIS_ID,PAIS_CODIGO,PAIS) values ('215','TN','Tunisia');
Insert into GEST_CLIENTES.PAISES (PAIS_ID,PAIS_CODIGO,PAIS) values ('216','TR','Turkey');
Insert into GEST_CLIENTES.PAISES (PAIS_ID,PAIS_CODIGO,PAIS) values ('217','TM','Turkmenistan');
Insert into GEST_CLIENTES.PAISES (PAIS_ID,PAIS_CODIGO,PAIS) values ('218','TC','Turks and Caicos Islands');
Insert into GEST_CLIENTES.PAISES (PAIS_ID,PAIS_CODIGO,PAIS) values ('219','TV','Tuvalu');
Insert into GEST_CLIENTES.PAISES (PAIS_ID,PAIS_CODIGO,PAIS) values ('220','UG','Uganda');
Insert into GEST_CLIENTES.PAISES (PAIS_ID,PAIS_CODIGO,PAIS) values ('221','UA','Ukraine');
Insert into GEST_CLIENTES.PAISES (PAIS_ID,PAIS_CODIGO,PAIS) values ('222','AE','United Arab Emirates');
Insert into GEST_CLIENTES.PAISES (PAIS_ID,PAIS_CODIGO,PAIS) values ('223','GB','United Kingdom');
Insert into GEST_CLIENTES.PAISES (PAIS_ID,PAIS_CODIGO,PAIS) values ('224','UM','United States minor outlying islands');
Insert into GEST_CLIENTES.PAISES (PAIS_ID,PAIS_CODIGO,PAIS) values ('225','UY','Uruguay');
Insert into GEST_CLIENTES.PAISES (PAIS_ID,PAIS_CODIGO,PAIS) values ('226','UZ','Uzbekistan');
Insert into GEST_CLIENTES.PAISES (PAIS_ID,PAIS_CODIGO,PAIS) values ('227','VU','Vanuatu');
Insert into GEST_CLIENTES.PAISES (PAIS_ID,PAIS_CODIGO,PAIS) values ('228','VA','Vatican City State');
Insert into GEST_CLIENTES.PAISES (PAIS_ID,PAIS_CODIGO,PAIS) values ('229','VE','Venezuela');
Insert into GEST_CLIENTES.PAISES (PAIS_ID,PAIS_CODIGO,PAIS) values ('230','VN','Vietnam');
Insert into GEST_CLIENTES.PAISES (PAIS_ID,PAIS_CODIGO,PAIS) values ('231','VG','Virigan Islands (British)');
Insert into GEST_CLIENTES.PAISES (PAIS_ID,PAIS_CODIGO,PAIS) values ('232','VI','Virgin Islands (U.S.)');
Insert into GEST_CLIENTES.PAISES (PAIS_ID,PAIS_CODIGO,PAIS) values ('233','WF','Wallis and Futuna Islands');
Insert into GEST_CLIENTES.PAISES (PAIS_ID,PAIS_CODIGO,PAIS) values ('234','EH','Western Sahara');
Insert into GEST_CLIENTES.PAISES (PAIS_ID,PAIS_CODIGO,PAIS) values ('235','YE','Yemen');
Insert into GEST_CLIENTES.PAISES (PAIS_ID,PAIS_CODIGO,PAIS) values ('236','YU','Yugoslavia');
Insert into GEST_CLIENTES.PAISES (PAIS_ID,PAIS_CODIGO,PAIS) values ('237','ZR','Zaire');
Insert into GEST_CLIENTES.PAISES (PAIS_ID,PAIS_CODIGO,PAIS) values ('238','ZM','Zambia');
Insert into GEST_CLIENTES.PAISES (PAIS_ID,PAIS_CODIGO,PAIS) values ('239','ZW','Zimbabwe');
REM INSERTING into GEST_CLIENTES.PS_TXN
SET DEFINE OFF;
Insert into GEST_CLIENTES.PS_TXN (ID,PARENTID,COLLID,CREATION_DATE) values ('1','-1','6001',to_date('13.08.23','RR.MM.DD'));
Insert into GEST_CLIENTES.PS_TXN (ID,PARENTID,COLLID,CREATION_DATE) values ('1','-1','6206',to_date('13.08.27','RR.MM.DD'));
Insert into GEST_CLIENTES.PS_TXN (ID,PARENTID,COLLID,CREATION_DATE) values ('1','-1','6203',to_date('13.08.27','RR.MM.DD'));
Insert into GEST_CLIENTES.PS_TXN (ID,PARENTID,COLLID,CREATION_DATE) values ('1','-1','6205',to_date('13.08.27','RR.MM.DD'));
Insert into GEST_CLIENTES.PS_TXN (ID,PARENTID,COLLID,CREATION_DATE) values ('1','-1','2251',to_date('13.06.04','RR.MM.DD'));
Insert into GEST_CLIENTES.PS_TXN (ID,PARENTID,COLLID,CREATION_DATE) values ('1','-1','6204',to_date('13.08.27','RR.MM.DD'));
REM INSERTING into GEST_CLIENTES.TABELA_ERROS
SET DEFINE OFF;
REM INSERTING into GEST_CLIENTES.TARGETS
SET DEFINE OFF;
REM INSERTING into GEST_CLIENTES.TIPO_AREA
SET DEFINE OFF;
Insert into GEST_CLIENTES.TIPO_AREA (TP_AREA_ID,DESCRICAO,STATUS,USER_AUDIT,DATA_AUDIT) values ('1','ORACLE','1',null,null);
Insert into GEST_CLIENTES.TIPO_AREA (TP_AREA_ID,DESCRICAO,STATUS,USER_AUDIT,DATA_AUDIT) values ('2','GP','1',null,null);
REM INSERTING into GEST_CLIENTES.TIPO_CLASSIFICACAO
SET DEFINE OFF;
Insert into GEST_CLIENTES.TIPO_CLASSIFICACAO (TP_CLASS_ID,DESCRICAO,STATUS,USER_AUDIT,DATA_AUDIT) values ('1','Prospect','1','1',null);
Insert into GEST_CLIENTES.TIPO_CLASSIFICACAO (TP_CLASS_ID,DESCRICAO,STATUS,USER_AUDIT,DATA_AUDIT) values ('2','Fornecedor','1','1',null);
Insert into GEST_CLIENTES.TIPO_CLASSIFICACAO (TP_CLASS_ID,DESCRICAO,STATUS,USER_AUDIT,DATA_AUDIT) values ('3','Parceiro','1','1',null);
Insert into GEST_CLIENTES.TIPO_CLASSIFICACAO (TP_CLASS_ID,DESCRICAO,STATUS,USER_AUDIT,DATA_AUDIT) values ('4','Não Qualificado','1','1',null);
REM INSERTING into GEST_CLIENTES.TIPO_FONTES
SET DEFINE OFF;
Insert into GEST_CLIENTES.TIPO_FONTES (TP_FONTE_ID,DESCRICAO,STATUS,USER_AUDIT,DATA_AUDIT) values ('2','FORMACAO',null,null,null);
Insert into GEST_CLIENTES.TIPO_FONTES (TP_FONTE_ID,DESCRICAO,STATUS,USER_AUDIT,DATA_AUDIT) values ('1','ORACLE',null,null,null);
REM INSERTING into GEST_CLIENTES.TIPO_MORADA
SET DEFINE OFF;
Insert into GEST_CLIENTES.TIPO_MORADA (TP_MORADA_ID,DESCRICAO) values ('1','Sede');
Insert into GEST_CLIENTES.TIPO_MORADA (TP_MORADA_ID,DESCRICAO) values ('2','Centro Formação');
Insert into GEST_CLIENTES.TIPO_MORADA (TP_MORADA_ID,DESCRICAO) values ('3','Sucursal');
REM INSERTING into GEST_CLIENTES.TIPO_SERVICO
SET DEFINE OFF;
Insert into GEST_CLIENTES.TIPO_SERVICO (TP_SRV_ID,DESCRICAO,STATUS,USER_AUDIT,DATA_AUDIT) values ('2','Formação',null,null,null);
Insert into GEST_CLIENTES.TIPO_SERVICO (TP_SRV_ID,DESCRICAO,STATUS,USER_AUDIT,DATA_AUDIT) values ('1','Consultadoria',null,null,null);
REM INSERTING into GEST_CLIENTES.TIPO_TECNOLOGIA
SET DEFINE OFF;
Insert into GEST_CLIENTES.TIPO_TECNOLOGIA (TP_TECNO_ID,TP_AREA_ID,DESCRICAO,STATUS,USER_AUDIT,DATA_AUDIT) values ('1','1','SOA','1',null,null);
Insert into GEST_CLIENTES.TIPO_TECNOLOGIA (TP_TECNO_ID,TP_AREA_ID,DESCRICAO,STATUS,USER_AUDIT,DATA_AUDIT) values ('2','1','PL','1',null,null);
Insert into GEST_CLIENTES.TIPO_TECNOLOGIA (TP_TECNO_ID,TP_AREA_ID,DESCRICAO,STATUS,USER_AUDIT,DATA_AUDIT) values ('3','1','JAVA','1',null,null);
--------------------------------------------------------
--  DDL for Index CONTACTOS_HIST_PK
--------------------------------------------------------

  CREATE UNIQUE INDEX "GEST_CLIENTES"."CONTACTOS_HIST_PK" ON "GEST_CLIENTES"."CONTACTOS_HIST" ("CONTACTO_HIST_ID") 
  PCTFREE 10 INITRANS 2 MAXTRANS 255 COMPUTE STATISTICS NOCOMPRESS LOGGING
  TABLESPACE "USERS" ;
--------------------------------------------------------
--  DDL for Index TIPO_CLASSIFICACAO_PK
--------------------------------------------------------

  CREATE UNIQUE INDEX "GEST_CLIENTES"."TIPO_CLASSIFICACAO_PK" ON "GEST_CLIENTES"."TIPO_CLASSIFICACAO" ("TP_CLASS_ID") 
  PCTFREE 10 INITRANS 2 MAXTRANS 255 COMPUTE STATISTICS 
  STORAGE(INITIAL 65536 NEXT 1048576 MINEXTENTS 1 MAXEXTENTS 2147483645
  PCTINCREASE 0 FREELISTS 1 FREELIST GROUPS 1 BUFFER_POOL DEFAULT FLASH_CACHE DEFAULT CELL_FLASH_CACHE DEFAULT)
  TABLESPACE "USERS" ;
--------------------------------------------------------
--  DDL for Index TIPO_FONTES_PK
--------------------------------------------------------

  CREATE UNIQUE INDEX "GEST_CLIENTES"."TIPO_FONTES_PK" ON "GEST_CLIENTES"."TIPO_FONTES" ("TP_FONTE_ID") 
  PCTFREE 10 INITRANS 2 MAXTRANS 255 COMPUTE STATISTICS 
  STORAGE(INITIAL 65536 NEXT 1048576 MINEXTENTS 1 MAXEXTENTS 2147483645
  PCTINCREASE 0 FREELISTS 1 FREELIST GROUPS 1 BUFFER_POOL DEFAULT FLASH_CACHE DEFAULT CELL_FLASH_CACHE DEFAULT)
  TABLESPACE "USERS" ;
--------------------------------------------------------
--  DDL for Index TIPO_TECNOLOGIA_PK
--------------------------------------------------------

  CREATE UNIQUE INDEX "GEST_CLIENTES"."TIPO_TECNOLOGIA_PK" ON "GEST_CLIENTES"."TIPO_TECNOLOGIA" ("TP_TECNO_ID") 
  PCTFREE 10 INITRANS 2 MAXTRANS 255 COMPUTE STATISTICS 
  STORAGE(INITIAL 65536 NEXT 1048576 MINEXTENTS 1 MAXEXTENTS 2147483645
  PCTINCREASE 0 FREELISTS 1 FREELIST GROUPS 1 BUFFER_POOL DEFAULT FLASH_CACHE DEFAULT CELL_FLASH_CACHE DEFAULT)
  TABLESPACE "USERS" ;
--------------------------------------------------------
--  DDL for Index GP_FORMACAO_TEST_LISTACUR_PK
--------------------------------------------------------

  CREATE UNIQUE INDEX "GEST_CLIENTES"."GP_FORMACAO_TEST_LISTACUR_PK" ON "GEST_CLIENTES"."GP_FORMACAO_TEST_LISTACURSOS" ("IDCURSO") 
  PCTFREE 10 INITRANS 2 MAXTRANS 255 COMPUTE STATISTICS NOCOMPRESS LOGGING
  TABLESPACE "USERS" ;
--------------------------------------------------------
--  DDL for Index MORADA_PK
--------------------------------------------------------

  CREATE UNIQUE INDEX "GEST_CLIENTES"."MORADA_PK" ON "GEST_CLIENTES"."MORADA" ("MORADA_ID") 
  PCTFREE 10 INITRANS 2 MAXTRANS 255 COMPUTE STATISTICS 
  STORAGE(INITIAL 65536 NEXT 1048576 MINEXTENTS 1 MAXEXTENTS 2147483645
  PCTINCREASE 0 FREELISTS 1 FREELIST GROUPS 1 BUFFER_POOL DEFAULT FLASH_CACHE DEFAULT CELL_FLASH_CACHE DEFAULT)
  TABLESPACE "USERS" ;
--------------------------------------------------------
--  DDL for Index CONTACTO_PK
--------------------------------------------------------

  CREATE UNIQUE INDEX "GEST_CLIENTES"."CONTACTO_PK" ON "GEST_CLIENTES"."CONTACTOS" ("CONTACTO_ID") 
  PCTFREE 10 INITRANS 2 MAXTRANS 255 COMPUTE STATISTICS 
  STORAGE(INITIAL 65536 NEXT 1048576 MINEXTENTS 1 MAXEXTENTS 2147483645
  PCTINCREASE 0 FREELISTS 1 FREELIST GROUPS 1 BUFFER_POOL DEFAULT FLASH_CACHE DEFAULT CELL_FLASH_CACHE DEFAULT)
  TABLESPACE "USERS" ;
--------------------------------------------------------
--  DDL for Index EMPRESA_PK
--------------------------------------------------------

  CREATE UNIQUE INDEX "GEST_CLIENTES"."EMPRESA_PK" ON "GEST_CLIENTES"."EMPRESA" ("EMPRESA_ID") 
  PCTFREE 10 INITRANS 2 MAXTRANS 255 COMPUTE STATISTICS 
  STORAGE(INITIAL 65536 NEXT 1048576 MINEXTENTS 1 MAXEXTENTS 2147483645
  PCTINCREASE 0 FREELISTS 1 FREELIST GROUPS 1 BUFFER_POOL DEFAULT FLASH_CACHE DEFAULT CELL_FLASH_CACHE DEFAULT)
  TABLESPACE "USERS" ;
--------------------------------------------------------
--  DDL for Index TARGETS_PK
--------------------------------------------------------

  CREATE UNIQUE INDEX "GEST_CLIENTES"."TARGETS_PK" ON "GEST_CLIENTES"."TARGETS" ("TARGET_ID") 
  PCTFREE 10 INITRANS 2 MAXTRANS 255 COMPUTE STATISTICS NOCOMPRESS LOGGING
  TABLESPACE "USERS" ;
--------------------------------------------------------
--  DDL for Index GP_FORMACAO_TEST_MODULOS_PK
--------------------------------------------------------

  CREATE UNIQUE INDEX "GEST_CLIENTES"."GP_FORMACAO_TEST_MODULOS_PK" ON "GEST_CLIENTES"."GP_FORMACAO_TEST_MODULOS" ("ID_MODULO") 
  PCTFREE 10 INITRANS 2 MAXTRANS 255 COMPUTE STATISTICS 
  STORAGE(INITIAL 65536 NEXT 1048576 MINEXTENTS 1 MAXEXTENTS 2147483645
  PCTINCREASE 0 FREELISTS 1 FREELIST GROUPS 1 BUFFER_POOL DEFAULT FLASH_CACHE DEFAULT CELL_FLASH_CACHE DEFAULT)
  TABLESPACE "USERS" ;
--------------------------------------------------------
--  DDL for Index GP_FORMACAO_TEST_AREA_PK
--------------------------------------------------------

  CREATE UNIQUE INDEX "GEST_CLIENTES"."GP_FORMACAO_TEST_AREA_PK" ON "GEST_CLIENTES"."GP_FORMACAO_TEST_AREA" ("ID_AREA") 
  PCTFREE 10 INITRANS 2 MAXTRANS 255 COMPUTE STATISTICS 
  STORAGE(INITIAL 65536 NEXT 1048576 MINEXTENTS 1 MAXEXTENTS 2147483645
  PCTINCREASE 0 FREELISTS 1 FREELIST GROUPS 1 BUFFER_POOL DEFAULT FLASH_CACHE DEFAULT CELL_FLASH_CACHE DEFAULT)
  TABLESPACE "USERS" ;
--------------------------------------------------------
--  DDL for Index TIPO_SERVICO_PK
--------------------------------------------------------

  CREATE UNIQUE INDEX "GEST_CLIENTES"."TIPO_SERVICO_PK" ON "GEST_CLIENTES"."TIPO_SERVICO" ("TP_SRV_ID") 
  PCTFREE 10 INITRANS 2 MAXTRANS 255 COMPUTE STATISTICS 
  STORAGE(INITIAL 65536 NEXT 1048576 MINEXTENTS 1 MAXEXTENTS 2147483645
  PCTINCREASE 0 FREELISTS 1 FREELIST GROUPS 1 BUFFER_POOL DEFAULT FLASH_CACHE DEFAULT CELL_FLASH_CACHE DEFAULT)
  TABLESPACE "USERS" ;
--------------------------------------------------------
--  DDL for Index TEST_CURSOS_PK
--------------------------------------------------------

  CREATE UNIQUE INDEX "GEST_CLIENTES"."TEST_CURSOS_PK" ON "GEST_CLIENTES"."GP_FORMACAO_TEST_CURSOS" ("ID_CURSO") 
  PCTFREE 10 INITRANS 2 MAXTRANS 255 COMPUTE STATISTICS 
  STORAGE(INITIAL 65536 NEXT 1048576 MINEXTENTS 1 MAXEXTENTS 2147483645
  PCTINCREASE 0 FREELISTS 1 FREELIST GROUPS 1 BUFFER_POOL DEFAULT FLASH_CACHE DEFAULT CELL_FLASH_CACHE DEFAULT)
  TABLESPACE "USERS" ;
--------------------------------------------------------
--  DDL for Index TIPO_AREA_PK
--------------------------------------------------------

  CREATE UNIQUE INDEX "GEST_CLIENTES"."TIPO_AREA_PK" ON "GEST_CLIENTES"."TIPO_AREA" ("TP_AREA_ID") 
  PCTFREE 10 INITRANS 2 MAXTRANS 255 COMPUTE STATISTICS 
  STORAGE(INITIAL 65536 NEXT 1048576 MINEXTENTS 1 MAXEXTENTS 2147483645
  PCTINCREASE 0 FREELISTS 1 FREELIST GROUPS 1 BUFFER_POOL DEFAULT FLASH_CACHE DEFAULT CELL_FLASH_CACHE DEFAULT)
  TABLESPACE "USERS" ;
--------------------------------------------------------
--  DDL for Index GP_FORMACAO_TEST_ESTADO_C_PK
--------------------------------------------------------

  CREATE UNIQUE INDEX "GEST_CLIENTES"."GP_FORMACAO_TEST_ESTADO_C_PK" ON "GEST_CLIENTES"."GP_FORMACAO_TEST_ESTADO_CURSO" ("ID_CURSO_STATUS") 
  PCTFREE 10 INITRANS 2 MAXTRANS 255 COMPUTE STATISTICS 
  STORAGE(INITIAL 65536 NEXT 1048576 MINEXTENTS 1 MAXEXTENTS 2147483645
  PCTINCREASE 0 FREELISTS 1 FREELIST GROUPS 1 BUFFER_POOL DEFAULT FLASH_CACHE DEFAULT CELL_FLASH_CACHE DEFAULT)
  TABLESPACE "USERS" ;
--------------------------------------------------------
--  DDL for Index CLASSIFICACAO_PK
--------------------------------------------------------

  CREATE UNIQUE INDEX "GEST_CLIENTES"."CLASSIFICACAO_PK" ON "GEST_CLIENTES"."CLASSIFICACAO" ("CLASSIFICACAO_ID") 
  PCTFREE 10 INITRANS 2 MAXTRANS 255 COMPUTE STATISTICS 
  STORAGE(INITIAL 65536 NEXT 1048576 MINEXTENTS 1 MAXEXTENTS 2147483645
  PCTINCREASE 0 FREELISTS 1 FREELIST GROUPS 1 BUFFER_POOL DEFAULT FLASH_CACHE DEFAULT CELL_FLASH_CACHE DEFAULT)
  TABLESPACE "USERS" ;
--------------------------------------------------------
--  DDL for Index GP_FORMACAO_TEST_SESSOES_PK
--------------------------------------------------------

  CREATE UNIQUE INDEX "GEST_CLIENTES"."GP_FORMACAO_TEST_SESSOES_PK" ON "GEST_CLIENTES"."GP_FORMACAO_TEST_SESSOES" ("ID_SESSAO") 
  PCTFREE 10 INITRANS 2 MAXTRANS 255 COMPUTE STATISTICS 
  STORAGE(INITIAL 65536 NEXT 1048576 MINEXTENTS 1 MAXEXTENTS 2147483645
  PCTINCREASE 0 FREELISTS 1 FREELIST GROUPS 1 BUFFER_POOL DEFAULT FLASH_CACHE DEFAULT CELL_FLASH_CACHE DEFAULT)
  TABLESPACE "USERS" ;
--------------------------------------------------------
--  DDL for Index TABELA_ERROS_PK
--------------------------------------------------------

  CREATE UNIQUE INDEX "GEST_CLIENTES"."TABELA_ERROS_PK" ON "GEST_CLIENTES"."TABELA_ERROS" ("ID_ERRO") 
  PCTFREE 10 INITRANS 2 MAXTRANS 255 COMPUTE STATISTICS 
  STORAGE(INITIAL 65536 NEXT 1048576 MINEXTENTS 1 MAXEXTENTS 2147483645
  PCTINCREASE 0 FREELISTS 1 FREELIST GROUPS 1 BUFFER_POOL DEFAULT FLASH_CACHE DEFAULT CELL_FLASH_CACHE DEFAULT)
  TABLESPACE "USERS" ;
--------------------------------------------------------
--  DDL for Index LOG_ACTIVIDADE_PK
--------------------------------------------------------

  CREATE UNIQUE INDEX "GEST_CLIENTES"."LOG_ACTIVIDADE_PK" ON "GEST_CLIENTES"."LOG_ACTIVIDADE" ("ACTIVIDADE_ID") 
  PCTFREE 10 INITRANS 2 MAXTRANS 255 COMPUTE STATISTICS 
  STORAGE(INITIAL 65536 NEXT 1048576 MINEXTENTS 1 MAXEXTENTS 2147483645
  PCTINCREASE 0 FREELISTS 1 FREELIST GROUPS 1 BUFFER_POOL DEFAULT FLASH_CACHE DEFAULT CELL_FLASH_CACHE DEFAULT)
  TABLESPACE "USERS" ;
--------------------------------------------------------
--  DDL for Index PS_TXN_PK
--------------------------------------------------------

  CREATE UNIQUE INDEX "GEST_CLIENTES"."PS_TXN_PK" ON "GEST_CLIENTES"."PS_TXN" ("COLLID", "ID") 
  PCTFREE 10 INITRANS 2 MAXTRANS 255 COMPUTE STATISTICS 
  STORAGE(INITIAL 65536 NEXT 1048576 MINEXTENTS 1 MAXEXTENTS 2147483645
  PCTINCREASE 0 FREELISTS 1 FREELIST GROUPS 1 BUFFER_POOL DEFAULT FLASH_CACHE DEFAULT CELL_FLASH_CACHE DEFAULT)
  TABLESPACE "USERS" ;
--------------------------------------------------------
--  DDL for Index PAIS_PK
--------------------------------------------------------

  CREATE UNIQUE INDEX "GEST_CLIENTES"."PAIS_PK" ON "GEST_CLIENTES"."PAISES" ("PAIS_ID") 
  PCTFREE 10 INITRANS 2 MAXTRANS 255 COMPUTE STATISTICS 
  STORAGE(INITIAL 65536 NEXT 1048576 MINEXTENTS 1 MAXEXTENTS 2147483645
  PCTINCREASE 0 FREELISTS 1 FREELIST GROUPS 1 BUFFER_POOL DEFAULT FLASH_CACHE DEFAULT CELL_FLASH_CACHE DEFAULT)
  TABLESPACE "USERS" ;
--------------------------------------------------------
--  DDL for Index GP_FORMACAO_TEST_CONTACTO_PK
--------------------------------------------------------

  CREATE UNIQUE INDEX "GEST_CLIENTES"."GP_FORMACAO_TEST_CONTACTO_PK" ON "GEST_CLIENTES"."GP_FORMACAO_TEST_CONTACTO" ("ID_CONTACTO") 
  PCTFREE 10 INITRANS 2 MAXTRANS 255 COMPUTE STATISTICS NOCOMPRESS LOGGING
  TABLESPACE "USERS" ;
--------------------------------------------------------
--  DDL for Index CAMPANHAS_PK
--------------------------------------------------------

  CREATE UNIQUE INDEX "GEST_CLIENTES"."CAMPANHAS_PK" ON "GEST_CLIENTES"."CAMPANHAS" ("CAMPANHA_ID") 
  PCTFREE 10 INITRANS 2 MAXTRANS 255 COMPUTE STATISTICS NOCOMPRESS LOGGING
  TABLESPACE "USERS" ;
--------------------------------------------------------
--  DDL for Index PAIS_CODIGO_UNIQUE
--------------------------------------------------------

  CREATE UNIQUE INDEX "GEST_CLIENTES"."PAIS_CODIGO_UNIQUE" ON "GEST_CLIENTES"."PAISES" ("PAIS_CODIGO") 
  PCTFREE 10 INITRANS 2 MAXTRANS 255 COMPUTE STATISTICS 
  STORAGE(INITIAL 65536 NEXT 1048576 MINEXTENTS 1 MAXEXTENTS 2147483645
  PCTINCREASE 0 FREELISTS 1 FREELIST GROUPS 1 BUFFER_POOL DEFAULT FLASH_CACHE DEFAULT CELL_FLASH_CACHE DEFAULT)
  TABLESPACE "USERS" ;
--------------------------------------------------------
--  DDL for Index TIPO_MORADA_PK
--------------------------------------------------------

  CREATE UNIQUE INDEX "GEST_CLIENTES"."TIPO_MORADA_PK" ON "GEST_CLIENTES"."TIPO_MORADA" ("TP_MORADA_ID") 
  PCTFREE 10 INITRANS 2 MAXTRANS 255 COMPUTE STATISTICS 
  STORAGE(INITIAL 65536 NEXT 1048576 MINEXTENTS 1 MAXEXTENTS 2147483645
  PCTINCREASE 0 FREELISTS 1 FREELIST GROUPS 1 BUFFER_POOL DEFAULT FLASH_CACHE DEFAULT CELL_FLASH_CACHE DEFAULT)
  TABLESPACE "USERS" ;
--------------------------------------------------------
--  Constraints for Table TARGETS
--------------------------------------------------------

  ALTER TABLE "GEST_CLIENTES"."TARGETS" MODIFY ("TARGET_ID" NOT NULL ENABLE);
 
  ALTER TABLE "GEST_CLIENTES"."TARGETS" MODIFY ("CAMPANHA_ID" NOT NULL ENABLE);
 
  ALTER TABLE "GEST_CLIENTES"."TARGETS" ADD CONSTRAINT "TARGETS_PK" PRIMARY KEY ("TARGET_ID")
  USING INDEX PCTFREE 10 INITRANS 2 MAXTRANS 255 COMPUTE STATISTICS NOCOMPRESS LOGGING
  TABLESPACE "USERS"  ENABLE;
--------------------------------------------------------
--  Constraints for Table TIPO_AREA
--------------------------------------------------------

  ALTER TABLE "GEST_CLIENTES"."TIPO_AREA" MODIFY ("TP_AREA_ID" NOT NULL ENABLE);
 
  ALTER TABLE "GEST_CLIENTES"."TIPO_AREA" MODIFY ("DESCRICAO" NOT NULL ENABLE);
 
  ALTER TABLE "GEST_CLIENTES"."TIPO_AREA" ADD CONSTRAINT "TIPO_AREA_PK" PRIMARY KEY ("TP_AREA_ID")
  USING INDEX PCTFREE 10 INITRANS 2 MAXTRANS 255 COMPUTE STATISTICS 
  STORAGE(INITIAL 65536 NEXT 1048576 MINEXTENTS 1 MAXEXTENTS 2147483645
  PCTINCREASE 0 FREELISTS 1 FREELIST GROUPS 1 BUFFER_POOL DEFAULT FLASH_CACHE DEFAULT CELL_FLASH_CACHE DEFAULT)
  TABLESPACE "USERS"  ENABLE;
--------------------------------------------------------
--  Constraints for Table TIPO_SERVICO
--------------------------------------------------------

  ALTER TABLE "GEST_CLIENTES"."TIPO_SERVICO" MODIFY ("TP_SRV_ID" NOT NULL ENABLE);
 
  ALTER TABLE "GEST_CLIENTES"."TIPO_SERVICO" MODIFY ("DESCRICAO" NOT NULL ENABLE);
 
  ALTER TABLE "GEST_CLIENTES"."TIPO_SERVICO" ADD CONSTRAINT "TIPO_SERVICO_PK" PRIMARY KEY ("TP_SRV_ID")
  USING INDEX PCTFREE 10 INITRANS 2 MAXTRANS 255 COMPUTE STATISTICS 
  STORAGE(INITIAL 65536 NEXT 1048576 MINEXTENTS 1 MAXEXTENTS 2147483645
  PCTINCREASE 0 FREELISTS 1 FREELIST GROUPS 1 BUFFER_POOL DEFAULT FLASH_CACHE DEFAULT CELL_FLASH_CACHE DEFAULT)
  TABLESPACE "USERS"  ENABLE;
--------------------------------------------------------
--  Constraints for Table GP_FORMACAO_TEST_COPYCURSOS
--------------------------------------------------------

  ALTER TABLE "GEST_CLIENTES"."GP_FORMACAO_TEST_COPYCURSOS" MODIFY ("ID_CURSO" NOT NULL ENABLE);
 
  ALTER TABLE "GEST_CLIENTES"."GP_FORMACAO_TEST_COPYCURSOS" MODIFY ("ID_AREA" NOT NULL ENABLE);
 
  ALTER TABLE "GEST_CLIENTES"."GP_FORMACAO_TEST_COPYCURSOS" MODIFY ("ID_ESTADOCURSO" NOT NULL ENABLE);
 
  ALTER TABLE "GEST_CLIENTES"."GP_FORMACAO_TEST_COPYCURSOS" MODIFY ("ID_MODULO" NOT NULL ENABLE);
--------------------------------------------------------
--  Constraints for Table GP_FORMACAO_TEST_LISTACURSOS
--------------------------------------------------------

  ALTER TABLE "GEST_CLIENTES"."GP_FORMACAO_TEST_LISTACURSOS" ADD CONSTRAINT "GP_FORMACAO_TEST_LISTACUR_PK" PRIMARY KEY ("IDCURSO")
  USING INDEX PCTFREE 10 INITRANS 2 MAXTRANS 255 COMPUTE STATISTICS NOCOMPRESS LOGGING
  TABLESPACE "USERS"  ENABLE;
 
  ALTER TABLE "GEST_CLIENTES"."GP_FORMACAO_TEST_LISTACURSOS" MODIFY ("IDCURSO" NOT NULL ENABLE);
--------------------------------------------------------
--  Constraints for Table LOCALIDADE
--------------------------------------------------------

  ALTER TABLE "GEST_CLIENTES"."LOCALIDADE" MODIFY ("ID_LOCALIDADE" NOT NULL ENABLE);
 
  ALTER TABLE "GEST_CLIENTES"."LOCALIDADE" MODIFY ("NOME_LOCALIDADE" NOT NULL ENABLE);
--------------------------------------------------------
--  Constraints for Table GP_FORMACAO_TEST_MODULOS
--------------------------------------------------------

  ALTER TABLE "GEST_CLIENTES"."GP_FORMACAO_TEST_MODULOS" ADD CONSTRAINT "GP_FORMACAO_TEST_MODULOS_PK" PRIMARY KEY ("ID_MODULO")
  USING INDEX PCTFREE 10 INITRANS 2 MAXTRANS 255 COMPUTE STATISTICS 
  STORAGE(INITIAL 65536 NEXT 1048576 MINEXTENTS 1 MAXEXTENTS 2147483645
  PCTINCREASE 0 FREELISTS 1 FREELIST GROUPS 1 BUFFER_POOL DEFAULT FLASH_CACHE DEFAULT CELL_FLASH_CACHE DEFAULT)
  TABLESPACE "USERS"  ENABLE;
 
  ALTER TABLE "GEST_CLIENTES"."GP_FORMACAO_TEST_MODULOS" MODIFY ("ID_MODULO" NOT NULL ENABLE);
 
  ALTER TABLE "GEST_CLIENTES"."GP_FORMACAO_TEST_MODULOS" MODIFY ("SEQ_MODULO" NOT NULL ENABLE);
 
  ALTER TABLE "GEST_CLIENTES"."GP_FORMACAO_TEST_MODULOS" MODIFY ("MODULO" NOT NULL ENABLE);
 
  ALTER TABLE "GEST_CLIENTES"."GP_FORMACAO_TEST_MODULOS" MODIFY ("ID_SESSAO" NOT NULL ENABLE);
--------------------------------------------------------
--  Constraints for Table MORADA
--------------------------------------------------------

  ALTER TABLE "GEST_CLIENTES"."MORADA" ADD CONSTRAINT "MORADA_PK" PRIMARY KEY ("MORADA_ID")
  USING INDEX PCTFREE 10 INITRANS 2 MAXTRANS 255 COMPUTE STATISTICS 
  STORAGE(INITIAL 65536 NEXT 1048576 MINEXTENTS 1 MAXEXTENTS 2147483645
  PCTINCREASE 0 FREELISTS 1 FREELIST GROUPS 1 BUFFER_POOL DEFAULT FLASH_CACHE DEFAULT CELL_FLASH_CACHE DEFAULT)
  TABLESPACE "USERS"  ENABLE;
 
  ALTER TABLE "GEST_CLIENTES"."MORADA" MODIFY ("MORADA_ID" NOT NULL ENABLE);
--------------------------------------------------------
--  Constraints for Table GP_FORMACAO_TEST_ESTADO_CURSO
--------------------------------------------------------

  ALTER TABLE "GEST_CLIENTES"."GP_FORMACAO_TEST_ESTADO_CURSO" ADD CONSTRAINT "GP_FORMACAO_TEST_ESTADO_C_PK" PRIMARY KEY ("ID_CURSO_STATUS")
  USING INDEX PCTFREE 10 INITRANS 2 MAXTRANS 255 COMPUTE STATISTICS 
  STORAGE(INITIAL 65536 NEXT 1048576 MINEXTENTS 1 MAXEXTENTS 2147483645
  PCTINCREASE 0 FREELISTS 1 FREELIST GROUPS 1 BUFFER_POOL DEFAULT FLASH_CACHE DEFAULT CELL_FLASH_CACHE DEFAULT)
  TABLESPACE "USERS"  ENABLE;
 
  ALTER TABLE "GEST_CLIENTES"."GP_FORMACAO_TEST_ESTADO_CURSO" MODIFY ("ID_CURSO_STATUS" NOT NULL ENABLE);
 
  ALTER TABLE "GEST_CLIENTES"."GP_FORMACAO_TEST_ESTADO_CURSO" MODIFY ("ESTADO_CURSO" NOT NULL ENABLE);
 
  ALTER TABLE "GEST_CLIENTES"."GP_FORMACAO_TEST_ESTADO_CURSO" MODIFY ("DATA_ESTADO" NOT NULL ENABLE);
 
  ALTER TABLE "GEST_CLIENTES"."GP_FORMACAO_TEST_ESTADO_CURSO" MODIFY ("RESPONSAVEL" NOT NULL ENABLE);
--------------------------------------------------------
--  Constraints for Table DEPT
--------------------------------------------------------

  ALTER TABLE "GEST_CLIENTES"."DEPT" ADD PRIMARY KEY ("DEPTNO")
  USING INDEX PCTFREE 10 INITRANS 2 MAXTRANS 255 COMPUTE STATISTICS 
  STORAGE(INITIAL 65536 NEXT 1048576 MINEXTENTS 1 MAXEXTENTS 2147483645
  PCTINCREASE 0 FREELISTS 1 FREELIST GROUPS 1 BUFFER_POOL DEFAULT FLASH_CACHE DEFAULT CELL_FLASH_CACHE DEFAULT)
  TABLESPACE "USERS"  ENABLE;
--------------------------------------------------------
--  Constraints for Table TIPO_CLASSIFICACAO
--------------------------------------------------------

  ALTER TABLE "GEST_CLIENTES"."TIPO_CLASSIFICACAO" MODIFY ("TP_CLASS_ID" NOT NULL ENABLE);
 
  ALTER TABLE "GEST_CLIENTES"."TIPO_CLASSIFICACAO" MODIFY ("DESCRICAO" NOT NULL ENABLE);
 
  ALTER TABLE "GEST_CLIENTES"."TIPO_CLASSIFICACAO" ADD CONSTRAINT "TIPO_CLASSIFICACAO_PK" PRIMARY KEY ("TP_CLASS_ID")
  USING INDEX PCTFREE 10 INITRANS 2 MAXTRANS 255 COMPUTE STATISTICS 
  STORAGE(INITIAL 65536 NEXT 1048576 MINEXTENTS 1 MAXEXTENTS 2147483645
  PCTINCREASE 0 FREELISTS 1 FREELIST GROUPS 1 BUFFER_POOL DEFAULT FLASH_CACHE DEFAULT CELL_FLASH_CACHE DEFAULT)
  TABLESPACE "USERS"  ENABLE;
--------------------------------------------------------
--  Constraints for Table GP_FORMACAO_TEST_AREA
--------------------------------------------------------

  ALTER TABLE "GEST_CLIENTES"."GP_FORMACAO_TEST_AREA" ADD CONSTRAINT "GP_FORMACAO_TEST_AREA_PK" PRIMARY KEY ("ID_AREA")
  USING INDEX PCTFREE 10 INITRANS 2 MAXTRANS 255 COMPUTE STATISTICS 
  STORAGE(INITIAL 65536 NEXT 1048576 MINEXTENTS 1 MAXEXTENTS 2147483645
  PCTINCREASE 0 FREELISTS 1 FREELIST GROUPS 1 BUFFER_POOL DEFAULT FLASH_CACHE DEFAULT CELL_FLASH_CACHE DEFAULT)
  TABLESPACE "USERS"  ENABLE;
 
  ALTER TABLE "GEST_CLIENTES"."GP_FORMACAO_TEST_AREA" MODIFY ("ID_AREA" NOT NULL ENABLE);
 
  ALTER TABLE "GEST_CLIENTES"."GP_FORMACAO_TEST_AREA" MODIFY ("AREA" NOT NULL ENABLE);
--------------------------------------------------------
--  Constraints for Table TIPO_FONTES
--------------------------------------------------------

  ALTER TABLE "GEST_CLIENTES"."TIPO_FONTES" MODIFY ("TP_FONTE_ID" NOT NULL ENABLE);
 
  ALTER TABLE "GEST_CLIENTES"."TIPO_FONTES" MODIFY ("DESCRICAO" NOT NULL ENABLE);
 
  ALTER TABLE "GEST_CLIENTES"."TIPO_FONTES" ADD CONSTRAINT "TIPO_FONTES_PK" PRIMARY KEY ("TP_FONTE_ID")
  USING INDEX PCTFREE 10 INITRANS 2 MAXTRANS 255 COMPUTE STATISTICS 
  STORAGE(INITIAL 65536 NEXT 1048576 MINEXTENTS 1 MAXEXTENTS 2147483645
  PCTINCREASE 0 FREELISTS 1 FREELIST GROUPS 1 BUFFER_POOL DEFAULT FLASH_CACHE DEFAULT CELL_FLASH_CACHE DEFAULT)
  TABLESPACE "USERS"  ENABLE;
--------------------------------------------------------
--  Constraints for Table CONTACTOS_HIST
--------------------------------------------------------

  ALTER TABLE "GEST_CLIENTES"."CONTACTOS_HIST" ADD CONSTRAINT "CONTACTOS_HIST_PK" PRIMARY KEY ("CONTACTO_HIST_ID")
  USING INDEX PCTFREE 10 INITRANS 2 MAXTRANS 255 COMPUTE STATISTICS NOCOMPRESS LOGGING
  TABLESPACE "USERS"  ENABLE;
 
  ALTER TABLE "GEST_CLIENTES"."CONTACTOS_HIST" MODIFY ("CONTACTO_HIST_ID" NOT NULL ENABLE);
--------------------------------------------------------
--  Constraints for Table GP_FORMACAO_TEST_CURSOS
--------------------------------------------------------

  ALTER TABLE "GEST_CLIENTES"."GP_FORMACAO_TEST_CURSOS" MODIFY ("ID_CURSO" NOT NULL ENABLE);
 
  ALTER TABLE "GEST_CLIENTES"."GP_FORMACAO_TEST_CURSOS" ADD CONSTRAINT "TEST_CURSOS_PK" PRIMARY KEY ("ID_CURSO")
  USING INDEX PCTFREE 10 INITRANS 2 MAXTRANS 255 COMPUTE STATISTICS 
  STORAGE(INITIAL 65536 NEXT 1048576 MINEXTENTS 1 MAXEXTENTS 2147483645
  PCTINCREASE 0 FREELISTS 1 FREELIST GROUPS 1 BUFFER_POOL DEFAULT FLASH_CACHE DEFAULT CELL_FLASH_CACHE DEFAULT)
  TABLESPACE "USERS"  ENABLE;
--------------------------------------------------------
--  Constraints for Table CLASSIFICACAO
--------------------------------------------------------

  ALTER TABLE "GEST_CLIENTES"."CLASSIFICACAO" ADD CONSTRAINT "CLASSIFICACAO_PK" PRIMARY KEY ("CLASSIFICACAO_ID")
  USING INDEX PCTFREE 10 INITRANS 2 MAXTRANS 255 COMPUTE STATISTICS 
  STORAGE(INITIAL 65536 NEXT 1048576 MINEXTENTS 1 MAXEXTENTS 2147483645
  PCTINCREASE 0 FREELISTS 1 FREELIST GROUPS 1 BUFFER_POOL DEFAULT FLASH_CACHE DEFAULT CELL_FLASH_CACHE DEFAULT)
  TABLESPACE "USERS"  ENABLE;
 
  ALTER TABLE "GEST_CLIENTES"."CLASSIFICACAO" MODIFY ("CLASSIFICACAO_ID" NOT NULL ENABLE);
--------------------------------------------------------
--  Constraints for Table PAISES
--------------------------------------------------------

  ALTER TABLE "GEST_CLIENTES"."PAISES" ADD CONSTRAINT "PAIS_CODIGO_UNIQUE" UNIQUE ("PAIS_CODIGO")
  USING INDEX PCTFREE 10 INITRANS 2 MAXTRANS 255 COMPUTE STATISTICS 
  STORAGE(INITIAL 65536 NEXT 1048576 MINEXTENTS 1 MAXEXTENTS 2147483645
  PCTINCREASE 0 FREELISTS 1 FREELIST GROUPS 1 BUFFER_POOL DEFAULT FLASH_CACHE DEFAULT CELL_FLASH_CACHE DEFAULT)
  TABLESPACE "USERS"  ENABLE;
 
  ALTER TABLE "GEST_CLIENTES"."PAISES" ADD CONSTRAINT "PAIS_PK" PRIMARY KEY ("PAIS_ID")
  USING INDEX PCTFREE 10 INITRANS 2 MAXTRANS 255 COMPUTE STATISTICS 
  STORAGE(INITIAL 65536 NEXT 1048576 MINEXTENTS 1 MAXEXTENTS 2147483645
  PCTINCREASE 0 FREELISTS 1 FREELIST GROUPS 1 BUFFER_POOL DEFAULT FLASH_CACHE DEFAULT CELL_FLASH_CACHE DEFAULT)
  TABLESPACE "USERS"  ENABLE;
 
  ALTER TABLE "GEST_CLIENTES"."PAISES" MODIFY ("PAIS_ID" NOT NULL ENABLE);
 
  ALTER TABLE "GEST_CLIENTES"."PAISES" MODIFY ("PAIS_CODIGO" NOT NULL ENABLE);
 
  ALTER TABLE "GEST_CLIENTES"."PAISES" MODIFY ("PAIS" NOT NULL ENABLE);
--------------------------------------------------------
--  Constraints for Table TIPO_TECNOLOGIA
--------------------------------------------------------

  ALTER TABLE "GEST_CLIENTES"."TIPO_TECNOLOGIA" MODIFY ("TP_TECNO_ID" NOT NULL ENABLE);
 
  ALTER TABLE "GEST_CLIENTES"."TIPO_TECNOLOGIA" MODIFY ("DESCRICAO" NOT NULL ENABLE);
 
  ALTER TABLE "GEST_CLIENTES"."TIPO_TECNOLOGIA" ADD CONSTRAINT "TIPO_TECNOLOGIA_PK" PRIMARY KEY ("TP_TECNO_ID")
  USING INDEX PCTFREE 10 INITRANS 2 MAXTRANS 255 COMPUTE STATISTICS 
  STORAGE(INITIAL 65536 NEXT 1048576 MINEXTENTS 1 MAXEXTENTS 2147483645
  PCTINCREASE 0 FREELISTS 1 FREELIST GROUPS 1 BUFFER_POOL DEFAULT FLASH_CACHE DEFAULT CELL_FLASH_CACHE DEFAULT)
  TABLESPACE "USERS"  ENABLE;
--------------------------------------------------------
--  Constraints for Table EMP
--------------------------------------------------------

  ALTER TABLE "GEST_CLIENTES"."EMP" MODIFY ("EMPNO" NOT NULL ENABLE);
 
  ALTER TABLE "GEST_CLIENTES"."EMP" ADD PRIMARY KEY ("EMPNO")
  USING INDEX PCTFREE 10 INITRANS 2 MAXTRANS 255 COMPUTE STATISTICS 
  STORAGE(INITIAL 65536 NEXT 1048576 MINEXTENTS 1 MAXEXTENTS 2147483645
  PCTINCREASE 0 FREELISTS 1 FREELIST GROUPS 1 BUFFER_POOL DEFAULT FLASH_CACHE DEFAULT CELL_FLASH_CACHE DEFAULT)
  TABLESPACE "USERS"  ENABLE;
--------------------------------------------------------
--  Constraints for Table EMPRESA
--------------------------------------------------------

  ALTER TABLE "GEST_CLIENTES"."EMPRESA" ADD CONSTRAINT "EMPRESA_PK" PRIMARY KEY ("EMPRESA_ID")
  USING INDEX PCTFREE 10 INITRANS 2 MAXTRANS 255 COMPUTE STATISTICS 
  STORAGE(INITIAL 65536 NEXT 1048576 MINEXTENTS 1 MAXEXTENTS 2147483645
  PCTINCREASE 0 FREELISTS 1 FREELIST GROUPS 1 BUFFER_POOL DEFAULT FLASH_CACHE DEFAULT CELL_FLASH_CACHE DEFAULT)
  TABLESPACE "USERS"  ENABLE;
 
  ALTER TABLE "GEST_CLIENTES"."EMPRESA" MODIFY ("EMPRESA_ID" NOT NULL ENABLE);
 
  ALTER TABLE "GEST_CLIENTES"."EMPRESA" MODIFY ("NOME" NOT NULL ENABLE);
--------------------------------------------------------
--  Constraints for Table LOG_ACTIVIDADE
--------------------------------------------------------

  ALTER TABLE "GEST_CLIENTES"."LOG_ACTIVIDADE" ADD CONSTRAINT "LOG_ACTIVIDADE_PK" PRIMARY KEY ("ACTIVIDADE_ID")
  USING INDEX PCTFREE 10 INITRANS 2 MAXTRANS 255 COMPUTE STATISTICS 
  STORAGE(INITIAL 65536 NEXT 1048576 MINEXTENTS 1 MAXEXTENTS 2147483645
  PCTINCREASE 0 FREELISTS 1 FREELIST GROUPS 1 BUFFER_POOL DEFAULT FLASH_CACHE DEFAULT CELL_FLASH_CACHE DEFAULT)
  TABLESPACE "USERS"  ENABLE;
 
  ALTER TABLE "GEST_CLIENTES"."LOG_ACTIVIDADE" MODIFY ("ACTIVIDADE_ID" NOT NULL ENABLE);
--------------------------------------------------------
--  Constraints for Table CAMPANHAS
--------------------------------------------------------

  ALTER TABLE "GEST_CLIENTES"."CAMPANHAS" ADD CONSTRAINT "CAMPANHAS_PK" PRIMARY KEY ("CAMPANHA_ID")
  USING INDEX PCTFREE 10 INITRANS 2 MAXTRANS 255 COMPUTE STATISTICS NOCOMPRESS LOGGING
  TABLESPACE "USERS"  ENABLE;
 
  ALTER TABLE "GEST_CLIENTES"."CAMPANHAS" MODIFY ("CAMPANHA_ID" NOT NULL ENABLE);
--------------------------------------------------------
--  Constraints for Table TIPO_MORADA
--------------------------------------------------------

  ALTER TABLE "GEST_CLIENTES"."TIPO_MORADA" MODIFY ("TP_MORADA_ID" NOT NULL ENABLE);
 
  ALTER TABLE "GEST_CLIENTES"."TIPO_MORADA" ADD CONSTRAINT "TIPO_MORADA_PK" PRIMARY KEY ("TP_MORADA_ID")
  USING INDEX PCTFREE 10 INITRANS 2 MAXTRANS 255 COMPUTE STATISTICS 
  STORAGE(INITIAL 65536 NEXT 1048576 MINEXTENTS 1 MAXEXTENTS 2147483645
  PCTINCREASE 0 FREELISTS 1 FREELIST GROUPS 1 BUFFER_POOL DEFAULT FLASH_CACHE DEFAULT CELL_FLASH_CACHE DEFAULT)
  TABLESPACE "USERS"  ENABLE;
--------------------------------------------------------
--  Constraints for Table CONTACTOS
--------------------------------------------------------

  ALTER TABLE "GEST_CLIENTES"."CONTACTOS" ADD CONSTRAINT "CONTACTO_PK" PRIMARY KEY ("CONTACTO_ID")
  USING INDEX PCTFREE 10 INITRANS 2 MAXTRANS 255 COMPUTE STATISTICS 
  STORAGE(INITIAL 65536 NEXT 1048576 MINEXTENTS 1 MAXEXTENTS 2147483645
  PCTINCREASE 0 FREELISTS 1 FREELIST GROUPS 1 BUFFER_POOL DEFAULT FLASH_CACHE DEFAULT CELL_FLASH_CACHE DEFAULT)
  TABLESPACE "USERS"  ENABLE;
 
  ALTER TABLE "GEST_CLIENTES"."CONTACTOS" MODIFY ("CONTACTO_ID" NOT NULL ENABLE);
 
  ALTER TABLE "GEST_CLIENTES"."CONTACTOS" MODIFY ("NOME" NOT NULL ENABLE);
--------------------------------------------------------
--  Constraints for Table TABELA_ERROS
--------------------------------------------------------

  ALTER TABLE "GEST_CLIENTES"."TABELA_ERROS" MODIFY ("ID_ERRO" NOT NULL ENABLE);
 
  ALTER TABLE "GEST_CLIENTES"."TABELA_ERROS" MODIFY ("USERNAME" NOT NULL ENABLE);
 
  ALTER TABLE "GEST_CLIENTES"."TABELA_ERROS" MODIFY ("DATA_ERRO" NOT NULL ENABLE);
 
  ALTER TABLE "GEST_CLIENTES"."TABELA_ERROS" ADD CONSTRAINT "TABELA_ERROS_PK" PRIMARY KEY ("ID_ERRO")
  USING INDEX PCTFREE 10 INITRANS 2 MAXTRANS 255 COMPUTE STATISTICS 
  STORAGE(INITIAL 65536 NEXT 1048576 MINEXTENTS 1 MAXEXTENTS 2147483645
  PCTINCREASE 0 FREELISTS 1 FREELIST GROUPS 1 BUFFER_POOL DEFAULT FLASH_CACHE DEFAULT CELL_FLASH_CACHE DEFAULT)
  TABLESPACE "USERS"  ENABLE;
--------------------------------------------------------
--  Constraints for Table GP_FORMACAO_TEST_CONTACTO
--------------------------------------------------------

  ALTER TABLE "GEST_CLIENTES"."GP_FORMACAO_TEST_CONTACTO" ADD CONSTRAINT "GP_FORMACAO_TEST_CONTACTO_PK" PRIMARY KEY ("ID_CONTACTO")
  USING INDEX PCTFREE 10 INITRANS 2 MAXTRANS 255 COMPUTE STATISTICS NOCOMPRESS LOGGING
  TABLESPACE "USERS"  ENABLE;
 
  ALTER TABLE "GEST_CLIENTES"."GP_FORMACAO_TEST_CONTACTO" MODIFY ("ID_CONTACTO" NOT NULL ENABLE);
 
  ALTER TABLE "GEST_CLIENTES"."GP_FORMACAO_TEST_CONTACTO" MODIFY ("NOME" NOT NULL ENABLE);
 
  ALTER TABLE "GEST_CLIENTES"."GP_FORMACAO_TEST_CONTACTO" MODIFY ("APELIDO" NOT NULL ENABLE);
 
  ALTER TABLE "GEST_CLIENTES"."GP_FORMACAO_TEST_CONTACTO" MODIFY ("ENTIDADE" NOT NULL ENABLE);
--------------------------------------------------------
--  Constraints for Table GP_FORMACAO_TEST_SESSOES
--------------------------------------------------------

  ALTER TABLE "GEST_CLIENTES"."GP_FORMACAO_TEST_SESSOES" ADD CONSTRAINT "GP_FORMACAO_TEST_SESSOES_PK" PRIMARY KEY ("ID_SESSAO")
  USING INDEX PCTFREE 10 INITRANS 2 MAXTRANS 255 COMPUTE STATISTICS 
  STORAGE(INITIAL 65536 NEXT 1048576 MINEXTENTS 1 MAXEXTENTS 2147483645
  PCTINCREASE 0 FREELISTS 1 FREELIST GROUPS 1 BUFFER_POOL DEFAULT FLASH_CACHE DEFAULT CELL_FLASH_CACHE DEFAULT)
  TABLESPACE "USERS"  ENABLE;
 
  ALTER TABLE "GEST_CLIENTES"."GP_FORMACAO_TEST_SESSOES" MODIFY ("ID_SESSAO" NOT NULL ENABLE);
 
  ALTER TABLE "GEST_CLIENTES"."GP_FORMACAO_TEST_SESSOES" MODIFY ("SEQ_SESSAO" NOT NULL ENABLE);
 
  ALTER TABLE "GEST_CLIENTES"."GP_FORMACAO_TEST_SESSOES" MODIFY ("SESSAO" NOT NULL ENABLE);
 
  ALTER TABLE "GEST_CLIENTES"."GP_FORMACAO_TEST_SESSOES" MODIFY ("TIPO_SESSAO" NOT NULL ENABLE);
--------------------------------------------------------
--  Constraints for Table PS_TXN
--------------------------------------------------------

  ALTER TABLE "GEST_CLIENTES"."PS_TXN" ADD CONSTRAINT "PS_TXN_PK" PRIMARY KEY ("COLLID", "ID")
  USING INDEX PCTFREE 10 INITRANS 2 MAXTRANS 255 COMPUTE STATISTICS 
  STORAGE(INITIAL 65536 NEXT 1048576 MINEXTENTS 1 MAXEXTENTS 2147483645
  PCTINCREASE 0 FREELISTS 1 FREELIST GROUPS 1 BUFFER_POOL DEFAULT FLASH_CACHE DEFAULT CELL_FLASH_CACHE DEFAULT)
  TABLESPACE "USERS"  ENABLE;
--------------------------------------------------------
--  Ref Constraints for Table CLASSIFICACAO
--------------------------------------------------------

  ALTER TABLE "GEST_CLIENTES"."CLASSIFICACAO" ADD CONSTRAINT "CLASSIFICACAO_CONTACTO_FK" FOREIGN KEY ("CONTACTO_ID")
	  REFERENCES "GEST_CLIENTES"."CONTACTOS" ("CONTACTO_ID") ENABLE;
 
  ALTER TABLE "GEST_CLIENTES"."CLASSIFICACAO" ADD CONSTRAINT "CLASSIFICACAO_FK" FOREIGN KEY ("TP_CLASS_ID")
	  REFERENCES "GEST_CLIENTES"."TIPO_CLASSIFICACAO" ("TP_CLASS_ID") ENABLE;
 
  ALTER TABLE "GEST_CLIENTES"."CLASSIFICACAO" ADD CONSTRAINT "CLASSIFICACAO_TIPO_FONTES_FK1" FOREIGN KEY ("TP_FONTE_ID")
	  REFERENCES "GEST_CLIENTES"."TIPO_FONTES" ("TP_FONTE_ID") ENABLE;
 
  ALTER TABLE "GEST_CLIENTES"."CLASSIFICACAO" ADD CONSTRAINT "CLASSIFICACAO_TIPO_SERVICO_FK" FOREIGN KEY ("TP_SRV_ID")
	  REFERENCES "GEST_CLIENTES"."TIPO_SERVICO" ("TP_SRV_ID") ENABLE;
--------------------------------------------------------
--  Ref Constraints for Table CONTACTOS_HIST
--------------------------------------------------------

  ALTER TABLE "GEST_CLIENTES"."CONTACTOS_HIST" ADD CONSTRAINT "CONTACTOS_HIST_CONTACTOS_FK1" FOREIGN KEY ("CONTACTO_ID")
	  REFERENCES "GEST_CLIENTES"."CONTACTOS" ("CONTACTO_ID") ENABLE;
--------------------------------------------------------
--  Ref Constraints for Table CONTACTOS_POR_EMPRESA
--------------------------------------------------------

  ALTER TABLE "GEST_CLIENTES"."CONTACTOS_POR_EMPRESA" ADD CONSTRAINT "CONTACTOS_POR_EMPRESA_FK" FOREIGN KEY ("CONTACTO_ID")
	  REFERENCES "GEST_CLIENTES"."CONTACTOS" ("CONTACTO_ID") ENABLE;
 
  ALTER TABLE "GEST_CLIENTES"."CONTACTOS_POR_EMPRESA" ADD CONSTRAINT "CONTACTOS_POR_EMPRESA_FK1" FOREIGN KEY ("EMPRESA_ID")
	  REFERENCES "GEST_CLIENTES"."EMPRESA" ("EMPRESA_ID") ENABLE;
--------------------------------------------------------
--  Ref Constraints for Table EMP
--------------------------------------------------------

  ALTER TABLE "GEST_CLIENTES"."EMP" ADD FOREIGN KEY ("MGR")
	  REFERENCES "GEST_CLIENTES"."EMP" ("EMPNO") ENABLE;
 
  ALTER TABLE "GEST_CLIENTES"."EMP" ADD FOREIGN KEY ("DEPTNO")
	  REFERENCES "GEST_CLIENTES"."DEPT" ("DEPTNO") ENABLE;
--------------------------------------------------------
--  Ref Constraints for Table GP_FORMACAO_TEST_AREA
--------------------------------------------------------

  ALTER TABLE "GEST_CLIENTES"."GP_FORMACAO_TEST_AREA" ADD CONSTRAINT "GP_FORMACAO_TEST_AREA_GP__FK1" FOREIGN KEY ("ID_RTP")
	  REFERENCES "GEST_CLIENTES"."GP_FORMACAO_TEST_CONTACTO" ("ID_CONTACTO") ENABLE;
--------------------------------------------------------
--  Ref Constraints for Table GP_FORMACAO_TEST_CURSOS
--------------------------------------------------------

  ALTER TABLE "GEST_CLIENTES"."GP_FORMACAO_TEST_CURSOS" ADD CONSTRAINT "GP_FORMACAO_TEST_CURSOS_G_FK1" FOREIGN KEY ("ID_MODULO")
	  REFERENCES "GEST_CLIENTES"."GP_FORMACAO_TEST_MODULOS" ("ID_MODULO") ENABLE;
 
  ALTER TABLE "GEST_CLIENTES"."GP_FORMACAO_TEST_CURSOS" ADD CONSTRAINT "GP_FORMACAO_TEST_CURSOS_G_FK2" FOREIGN KEY ("ID_ESTADOCURSO")
	  REFERENCES "GEST_CLIENTES"."GP_FORMACAO_TEST_ESTADO_CURSO" ("ID_CURSO_STATUS") ENABLE;
 
  ALTER TABLE "GEST_CLIENTES"."GP_FORMACAO_TEST_CURSOS" ADD CONSTRAINT "GP_FORMACAO_TEST_CURSOS_G_FK3" FOREIGN KEY ("ID_AREA")
	  REFERENCES "GEST_CLIENTES"."GP_FORMACAO_TEST_AREA" ("ID_AREA") ENABLE;
--------------------------------------------------------
--  Ref Constraints for Table GP_FORMACAO_TEST_MODULOS
--------------------------------------------------------

  ALTER TABLE "GEST_CLIENTES"."GP_FORMACAO_TEST_MODULOS" ADD CONSTRAINT "GP_FORMACAO_TEST_MODULOS__FK1" FOREIGN KEY ("ID_SESSAO")
	  REFERENCES "GEST_CLIENTES"."GP_FORMACAO_TEST_SESSOES" ("ID_SESSAO") ENABLE;
--------------------------------------------------------
--  Ref Constraints for Table INSTALACOES
--------------------------------------------------------

  ALTER TABLE "GEST_CLIENTES"."INSTALACOES" ADD CONSTRAINT "INSTALACOES_EMPRESA_FK" FOREIGN KEY ("EMPRESA_ID")
	  REFERENCES "GEST_CLIENTES"."EMPRESA" ("EMPRESA_ID") ENABLE;
 
  ALTER TABLE "GEST_CLIENTES"."INSTALACOES" ADD CONSTRAINT "INSTALACOES_MORADA_FK1" FOREIGN KEY ("MORADA_ID")
	  REFERENCES "GEST_CLIENTES"."MORADA" ("MORADA_ID") ENABLE;
--------------------------------------------------------
--  Ref Constraints for Table LOG_ACTIVIDADE
--------------------------------------------------------

  ALTER TABLE "GEST_CLIENTES"."LOG_ACTIVIDADE" ADD CONSTRAINT "LOG_ACTIVIDADE_CONTACTO_FK" FOREIGN KEY ("CONTACTO_ID")
	  REFERENCES "GEST_CLIENTES"."CONTACTOS" ("CONTACTO_ID") ENABLE;
--------------------------------------------------------
--  Ref Constraints for Table MORADA
--------------------------------------------------------

  ALTER TABLE "GEST_CLIENTES"."MORADA" ADD CONSTRAINT "MORADA_TIPO_MORADA_FK1" FOREIGN KEY ("TP_MORADA_ID")
	  REFERENCES "GEST_CLIENTES"."TIPO_MORADA" ("TP_MORADA_ID") ENABLE;
--------------------------------------------------------
--  Ref Constraints for Table TARGETS
--------------------------------------------------------

  ALTER TABLE "GEST_CLIENTES"."TARGETS" ADD CONSTRAINT "TARGETS_CAMPANHAS_FK1" FOREIGN KEY ("CAMPANHA_ID")
	  REFERENCES "GEST_CLIENTES"."CAMPANHAS" ("CAMPANHA_ID") ENABLE;
--------------------------------------------------------
--  Ref Constraints for Table TIPO_TECNOLOGIA
--------------------------------------------------------

  ALTER TABLE "GEST_CLIENTES"."TIPO_TECNOLOGIA" ADD CONSTRAINT "TIPO_TECNOLOGIA_TIPO_TECN_FK1" FOREIGN KEY ("TP_AREA_ID")
	  REFERENCES "GEST_CLIENTES"."TIPO_AREA" ("TP_AREA_ID") ENABLE;
--------------------------------------------------------
--  DDL for Trigger CAMPANHAS_TRG
--------------------------------------------------------

  CREATE OR REPLACE TRIGGER "GEST_CLIENTES"."CAMPANHAS_TRG" BEFORE INSERT ON CAMPANHAS 
FOR EACH ROW 
BEGIN
  <<COLUMN_SEQUENCES>>
  BEGIN
    IF :NEW.CAMPANHA_ID IS NULL THEN
      SELECT CAMPANHAS_SEQ.NEXTVAL INTO :NEW.CAMPANHA_ID FROM DUAL;
    END IF;
  END COLUMN_SEQUENCES;
END;
/
ALTER TRIGGER "GEST_CLIENTES"."CAMPANHAS_TRG" ENABLE;
--------------------------------------------------------
--  DDL for Trigger CLASSIFICACAO_TRG
--------------------------------------------------------

  CREATE OR REPLACE TRIGGER "GEST_CLIENTES"."CLASSIFICACAO_TRG" BEFORE INSERT ON CLASSIFICACAO 
FOR EACH ROW 
BEGIN
  <<COLUMN_SEQUENCES>>
  BEGIN
    IF :NEW.CLASSIFICACAO_ID IS NULL THEN
      SELECT CLASSIFICACAO_SEQ.NEXTVAL INTO :NEW.CLASSIFICACAO_ID FROM DUAL;
    END IF;
  END COLUMN_SEQUENCES;
END;
/
ALTER TRIGGER "GEST_CLIENTES"."CLASSIFICACAO_TRG" ENABLE;
--------------------------------------------------------
--  DDL for Trigger CONTACTO_TRG
--------------------------------------------------------

  CREATE OR REPLACE TRIGGER "GEST_CLIENTES"."CONTACTO_TRG" BEFORE INSERT ON CONTACTOS 
FOR EACH ROW 
BEGIN
  <<COLUMN_SEQUENCES>>
  BEGIN
    IF :NEW.CONTACTO_ID IS NULL THEN
      SELECT CONTACTO_SEQ.NEXTVAL INTO :NEW.CONTACTO_ID FROM DUAL;
    END IF;
  END COLUMN_SEQUENCES;
END;
/
ALTER TRIGGER "GEST_CLIENTES"."CONTACTO_TRG" ENABLE;
--------------------------------------------------------
--  DDL for Trigger EMPRESA_TRG
--------------------------------------------------------

  CREATE OR REPLACE TRIGGER "GEST_CLIENTES"."EMPRESA_TRG" BEFORE INSERT ON EMPRESA 
FOR EACH ROW 
BEGIN
  <<COLUMN_SEQUENCES>>
  BEGIN
    IF :NEW.EMPRESA_ID IS NULL THEN
      SELECT EMPRESA_SEQ.NEXTVAL INTO :NEW.EMPRESA_ID FROM DUAL;
    END IF;
  END COLUMN_SEQUENCES;
END;
/
ALTER TRIGGER "GEST_CLIENTES"."EMPRESA_TRG" ENABLE;
--------------------------------------------------------
--  DDL for Trigger LOG_ACTIVIDADE_TRG
--------------------------------------------------------

  CREATE OR REPLACE TRIGGER "GEST_CLIENTES"."LOG_ACTIVIDADE_TRG" BEFORE INSERT ON LOG_ACTIVIDADE 
FOR EACH ROW 
BEGIN
  <<COLUMN_SEQUENCES>>
  BEGIN
    IF :NEW.ACTIVIDADE_ID IS NULL THEN
      SELECT LOG_ACTIVIDADE_SEQ.NEXTVAL INTO :NEW.ACTIVIDADE_ID FROM DUAL;
    END IF;
  END COLUMN_SEQUENCES;
END;
/
ALTER TRIGGER "GEST_CLIENTES"."LOG_ACTIVIDADE_TRG" ENABLE;
--------------------------------------------------------
--  DDL for Trigger MORADA_TRG
--------------------------------------------------------

  CREATE OR REPLACE TRIGGER "GEST_CLIENTES"."MORADA_TRG" BEFORE INSERT ON MORADA 
FOR EACH ROW 
BEGIN
  <<COLUMN_SEQUENCES>>
  BEGIN
    IF :NEW.MORADA_ID IS NULL THEN
      SELECT MORADA_SEQ.NEXTVAL INTO :NEW.MORADA_ID FROM DUAL;
    END IF;
  END COLUMN_SEQUENCES;
END;
/
ALTER TRIGGER "GEST_CLIENTES"."MORADA_TRG" ENABLE;
--------------------------------------------------------
--  DDL for Trigger TARGETS_TRG
--------------------------------------------------------

  CREATE OR REPLACE TRIGGER "GEST_CLIENTES"."TARGETS_TRG" BEFORE INSERT ON TARGETS 
FOR EACH ROW 
BEGIN
  <<COLUMN_SEQUENCES>>
  BEGIN
    IF :NEW.TARGET_ID IS NULL THEN
      SELECT TARGETS_SEQ.NEXTVAL INTO :NEW.TARGET_ID FROM DUAL;
    END IF;
  END COLUMN_SEQUENCES;
END;
/
ALTER TRIGGER "GEST_CLIENTES"."TARGETS_TRG" ENABLE;
--------------------------------------------------------
--  DDL for Trigger TIPO_AREA_TRG
--------------------------------------------------------

  CREATE OR REPLACE TRIGGER "GEST_CLIENTES"."TIPO_AREA_TRG" BEFORE INSERT ON TIPO_AREA 
FOR EACH ROW 
BEGIN
  <<COLUMN_SEQUENCES>>
  BEGIN
    IF :NEW.TP_AREA_ID IS NULL THEN
      SELECT TIPO_AREA_SEQ.NEXTVAL INTO :NEW.TP_AREA_ID FROM DUAL;
    END IF;
  END COLUMN_SEQUENCES;
END;
/
ALTER TRIGGER "GEST_CLIENTES"."TIPO_AREA_TRG" ENABLE;
--------------------------------------------------------
--  DDL for Trigger TIPO_CLASSIFICACAO_TRG
--------------------------------------------------------

  CREATE OR REPLACE TRIGGER "GEST_CLIENTES"."TIPO_CLASSIFICACAO_TRG" BEFORE INSERT ON TIPO_CLASSIFICACAO 
FOR EACH ROW 
BEGIN
  <<COLUMN_SEQUENCES>>
  BEGIN
    IF :NEW.TP_CLASS_ID IS NULL THEN
      SELECT TIPO_CLASSIFICACAO_SEQ.NEXTVAL INTO :NEW.TP_CLASS_ID FROM DUAL;
    END IF;
  END COLUMN_SEQUENCES;
END;
/
ALTER TRIGGER "GEST_CLIENTES"."TIPO_CLASSIFICACAO_TRG" ENABLE;
--------------------------------------------------------
--  DDL for Trigger TIPO_FONTES_TRG
--------------------------------------------------------

  CREATE OR REPLACE TRIGGER "GEST_CLIENTES"."TIPO_FONTES_TRG" BEFORE INSERT ON TIPO_FONTES 
FOR EACH ROW 
BEGIN
  <<COLUMN_SEQUENCES>>
  BEGIN
    IF :NEW.TP_FONTE_ID IS NULL THEN
      SELECT TIPO_FONTES_SEQ.NEXTVAL INTO :NEW.TP_FONTE_ID FROM DUAL;
    END IF;
  END COLUMN_SEQUENCES;
END;
/
ALTER TRIGGER "GEST_CLIENTES"."TIPO_FONTES_TRG" ENABLE;
--------------------------------------------------------
--  DDL for Trigger TIPO_MORADA_TRG
--------------------------------------------------------

  CREATE OR REPLACE TRIGGER "GEST_CLIENTES"."TIPO_MORADA_TRG" BEFORE INSERT ON TIPO_MORADA 
FOR EACH ROW 
BEGIN
  <<COLUMN_SEQUENCES>>
  BEGIN
    IF :NEW.TP_MORADA_ID IS NULL THEN
      SELECT TIPO_MORADA_SEQ.NEXTVAL INTO :NEW.TP_MORADA_ID FROM DUAL;
    END IF;
  END COLUMN_SEQUENCES;
END;
/
ALTER TRIGGER "GEST_CLIENTES"."TIPO_MORADA_TRG" ENABLE;
--------------------------------------------------------
--  DDL for Trigger TIPO_SERVICO_TRG
--------------------------------------------------------

  CREATE OR REPLACE TRIGGER "GEST_CLIENTES"."TIPO_SERVICO_TRG" BEFORE INSERT ON TIPO_SERVICO 
FOR EACH ROW 
BEGIN
  <<COLUMN_SEQUENCES>>
  BEGIN
    IF :NEW.TP_SRV_ID IS NULL THEN
      SELECT TIPO_SERVICO_SEQ.NEXTVAL INTO :NEW.TP_SRV_ID FROM DUAL;
    END IF;
  END COLUMN_SEQUENCES;
END;
/
ALTER TRIGGER "GEST_CLIENTES"."TIPO_SERVICO_TRG" ENABLE;
--------------------------------------------------------
--  DDL for Trigger TIPO_TECNOLOGIA_TRG
--------------------------------------------------------

  CREATE OR REPLACE TRIGGER "GEST_CLIENTES"."TIPO_TECNOLOGIA_TRG" BEFORE INSERT ON TIPO_TECNOLOGIA 
FOR EACH ROW 
BEGIN
  <<COLUMN_SEQUENCES>>
  BEGIN
    IF :NEW.TP_TECNO_ID IS NULL THEN
      SELECT TIPO_TECNOLOGIA_SEQ.NEXTVAL INTO :NEW.TP_TECNO_ID FROM DUAL;
    END IF;
  END COLUMN_SEQUENCES;
END;
/
ALTER TRIGGER "GEST_CLIENTES"."TIPO_TECNOLOGIA_TRG" ENABLE;
--------------------------------------------------------
--  DDL for Procedure DELETECOMPANY
--------------------------------------------------------
set define off;

  CREATE OR REPLACE PROCEDURE "GEST_CLIENTES"."DELETECOMPANY" 
(
  EID IN NUMBER  
) AS 
BEGIN
  Delete from contactos_por_empresa where empresa_id = EID;
  Delete from instalacoes where empresa_id = EID;
  Delete from empresa where empresa_id = EID;
  commit;
END DELETECOMPANY;

/
--------------------------------------------------------
--  DDL for Procedure DELETECONTACT
--------------------------------------------------------
set define off;

  CREATE OR REPLACE PROCEDURE "GEST_CLIENTES"."DELETECONTACT" 
(
  CID IN NUMBER  
) AS 
BEGIN
  Delete from contactos_por_empresa where contacto_id = cid;
  Delete from classificacao where contacto_id = cid;
  Delete from contactos where contacto_id = cid;
  commit;
END DELETECONTACT;

/
--------------------------------------------------------
--  DDL for Procedure DELETEINSTALACAO
--------------------------------------------------------
set define off;

  CREATE OR REPLACE PROCEDURE "GEST_CLIENTES"."DELETEINSTALACAO" 
(
  EID IN NUMBER  
, MID IN NUMBER  
) AS 
BEGIN
  Delete from instalacoes where empresa_id = eid and morada_id = mid;
  commit;
END DELETEINSTALACAO;

/
--------------------------------------------------------
--  DDL for Procedure DELETELINK
--------------------------------------------------------
set define off;

  CREATE OR REPLACE PROCEDURE "GEST_CLIENTES"."DELETELINK" 
(
  CID IN NUMBER  
, EID IN NUMBER  
) AS 
BEGIN
  Delete from contactos_por_empresa where contacto_id = CID and empresa_id = EID;
  commit;
END DELETELINK;

/
--------------------------------------------------------
--  DDL for Procedure DELETEMORADA
--------------------------------------------------------
set define off;

  CREATE OR REPLACE PROCEDURE "GEST_CLIENTES"."DELETEMORADA" 
(
  MID IN NUMBER  
) AS 
BEGIN
  Delete from instalacoes where morada_id = MID;
  Delete from morada where morada_id = MID;
  commit;
END DELETEMORADA;

/
